REPLACE INTO `accounts` (`id`, `name`, `date_entered`, `date_modified`, `modified_user_id`, `created_by`, `description`, `deleted`, `assigned_user_id`, `account_type`, `industry`, `annual_revenue`, `phone_fax`, `billing_address_street`, `billing_address_city`, `billing_address_state`, `billing_address_postalcode`, `billing_address_country`, `rating`, `phone_office`, `phone_alternate`, `website`, `ownership`, `employees`, `ticker_symbol`, `shipping_address_street`, `shipping_address_city`, `shipping_address_state`, `shipping_address_postalcode`, `shipping_address_country`, `parent_id`, `sic_code`, `campaign_id`) VALUES ('a1114779-3ad6-15fa-8da9-629a16a41526','Mini lectores','2022-06-03 14:13:02','2022-06-09 14:33:55','9','9',NULL,0,'9',NULL,NULL,NULL,NULL,NULL,NULL,NULL,NULL,NULL,NULL,NULL,NULL,'http://',NULL,NULL,NULL,NULL,NULL,NULL,NULL,NULL,'af067076-a0c4-b118-1be1-629a16c717bf',NULL,''),('91f97776-4b84-8225-ec97-629a16bb2482','Papelería El Folio','2022-06-03 14:13:02','2022-06-09 14:35:11','9','9',NULL,0,'9',NULL,NULL,NULL,NULL,NULL,NULL,NULL,NULL,NULL,NULL,NULL,NULL,'http://',NULL,NULL,NULL,NULL,NULL,NULL,NULL,NULL,'',NULL,''),('eb4aac69-aa82-29a1-677e-62a20df61c0e','Dirección General de Cultura','2022-06-09 15:08:52','2022-06-09 15:08:52','9','9','',0,'9',NULL,NULL,NULL,'','','','','','',NULL,'','','http://',NULL,NULL,NULL,'','','','','','',NULL,''),('4aa29459-ec69-f028-29bc-62a20d6355f9','Concejalía de Vivienda','2022-06-09 15:09:51','2022-06-09 15:09:51','9','9','',0,'9',NULL,NULL,NULL,'','','','','','',NULL,'','','http://',NULL,NULL,NULL,'','','','','','',NULL,''),('af067076-a0c4-b118-1be1-629a16c717bf','Coordinadora de Asociaciones de Lectura','2022-06-03 14:13:02','2022-06-09 14:42:00','9','9',NULL,0,'9',NULL,NULL,NULL,NULL,NULL,NULL,NULL,NULL,NULL,NULL,NULL,NULL,'http://',NULL,NULL,NULL,NULL,NULL,NULL,NULL,NULL,'',NULL,''),('c6210139-0fa2-cd22-2d6c-629a164c9a3f','Asociación de lectoras de Huelva','2022-06-03 14:13:02','2022-06-09 14:41:44','9','9',NULL,0,'9',NULL,NULL,NULL,NULL,NULL,NULL,NULL,NULL,NULL,NULL,'666444333',NULL,'http://',NULL,NULL,NULL,NULL,NULL,NULL,NULL,NULL,'af067076-a0c4-b118-1be1-629a16c717bf',NULL,'');
REPLACE INTO `accounts_cstm` (`id_c`, `jjwg_maps_lng_c`, `jjwg_maps_lat_c`, `jjwg_maps_geocode_status_c`, `jjwg_maps_address_c`, `stic_acronym_c`, `stic_billing_address_county_c`, `stic_billing_address_region_c`, `stic_billing_address_type_c`, `stic_category_c`, `stic_identification_number_c`, `stic_language_c`, `stic_relationship_type_c`, `stic_postal_mail_return_reason_c`, `stic_shipping_address_county_c`, `stic_shipping_address_region_c`, `stic_shipping_address_type_c`, `stic_subcategory_c`, `stic_182_error_c`, `stic_182_excluded_c`, `stic_tax_name_c`, `stic_total_annual_donations_c`, `inc_id_c`, `inc_activity_sector_c`, `inc_address_block_c`, `inc_address_district_c`, `inc_address_door_c`, `inc_address_floor_c`, `inc_address_num_a_c`, `inc_address_num_b_c`, `inc_address_postal_code_c`, `inc_address_street_c`, `inc_address_street_type_c`, `inc_agreement_avail_c`, `inc_agreement_inc_person_c`, `inc_agreement_inc_position_c`, `inc_agreement_comp_position_c`, `inc_agreement_signed_with_c`, `inc_agreement_territory_scop_c`, `inc_agreement_comp_person_c`, `inc_agreement_start_date_c`, `inc_cnae_n1_c`, `inc_cnae_n2_c`, `inc_cnae_n3_c`, `inc_collection_origin_c`, `inc_communications_language_c`, `inc_company_territory_scop_c`, `inc_contact_date_c`, `inc_contact_name_c`, `inc_contact_position_c`, `inc_contact_telephone_c`, `inc_employees_c`, `stic_incorpora_locations_id_c`, `inc_observations_c`, `inc_occupations_c`, `inc_size_c`, `inc_status_c`, `inc_country_c`, `inc_type_c`, `inc_incorpora_record_c`, `inc_synchronization_log_c`, `inc_synchronization_errors_c`, `inc_synchronization_date_c`, `inc_reference_group_c`, `inc_reference_entity_c`, `inc_reference_officer_c`, `inc_state_code_c`, `inc_municipality_code_c`, `inc_town_code_c`, `inc_state_c`, `inc_municipality_c`, `inc_town_c`) VALUES ('a1114779-3ad6-15fa-8da9-629a16a41526',0.00000000,0.00000000,'','','ML','','','','npo','G36702132','','^^','','','','','npo_association',0,0,'',0.00,NULL,'','','','','','','','','','','','','','','','','',NULL,'','','','','','',NULL,'','','',NULL,'','','^^','','','','',0,'',0,NULL,'','',NULL,NULL,NULL,NULL,'','',''),('af067076-a0c4-b118-1be1-629a16c717bf',0.00000000,0.00000000,'','','CAL','','','','npo','G97131197','','^member^','','','','','npo_federation',0,0,'',0.00,NULL,'','','','','','','','','','','','','','','','','',NULL,'','','','','','',NULL,'','','',NULL,'','','^^','','','','',0,'',0,NULL,'','',NULL,NULL,NULL,NULL,'','',''),('91f97776-4b84-8225-ec97-629a16bb2482',0.00000000,0.00000000,'','','','','','','company','A27819184','','^supplier^','','','','','',0,0,'',0.00,NULL,'','','','','','','','','','','','','','','','','',NULL,'','','','','','',NULL,'','','',NULL,'','','^^','','','','',0,'',0,NULL,'','',NULL,NULL,NULL,NULL,'','',''),('eb4aac69-aa82-29a1-677e-62a20df61c0e',0.00000000,0.00000000,NULL,NULL,'DGC','','','','administration','','','^^','','','','','administration_region',0,0,'',0.00,NULL,'','','','','','','','','','','','','','','','','',NULL,'','','','','','',NULL,'','','',NULL,'','','^^','','','','',0,NULL,NULL,NULL,NULL,NULL,NULL,NULL,NULL,NULL,NULL,NULL,NULL),('4aa29459-ec69-f028-29bc-62a20d6355f9',0.00000000,0.00000000,NULL,NULL,'DGC','','','','administration','','','^funder^','','','','','administration_city',0,0,'',0.00,NULL,'','','','','','','','','','','','','','','','','',NULL,'','','','','','',NULL,'','','',NULL,'','','^^','','','','',0,NULL,NULL,NULL,NULL,NULL,NULL,NULL,NULL,NULL,NULL,NULL,NULL),('c6210139-0fa2-cd22-2d6c-629a164c9a3f',0.00000000,0.00000000,'','','AL','','','','npo','G45332996','spanish','^member^','','','','','npo_association',0,0,'',0.00,NULL,'','','','','','','','','','','','','','','','','',NULL,'','','','','','',NULL,'','','',NULL,'','','^^','','','','',0,'',0,NULL,'','',NULL,NULL,NULL,NULL,'','','');
REPLACE INTO `calls` (`id`, `name`, `date_entered`, `date_modified`, `modified_user_id`, `created_by`, `description`, `deleted`, `assigned_user_id`, `duration_hours`, `duration_minutes`, `date_start`, `date_end`, `parent_type`, `status`, `direction`, `parent_id`, `reminder_time`, `email_reminder_time`, `email_reminder_sent`, `outlook_id`, `repeat_type`, `repeat_interval`, `repeat_dow`, `repeat_until`, `repeat_count`, `repeat_parent_id`, `recurring_source`) VALUES ('79a10c33-8e34-5a92-16ab-62a2104af96e','Aclaración sobre gastos de proyecto','2022-06-09 15:24:08','2022-06-09 15:24:08','9','9','',0,'9',0,15,'2022-03-02 16:00:00','2022-03-02 16:00:00','Accounts','Planned','Inbound','4aa29459-ec69-f028-29bc-62a20d6355f9',-1,-1,0,NULL,NULL,1,NULL,NULL,NULL,NULL,NULL),('8961cd28-c9d7-1795-73d7-62a210cdbea3','Volver a reclamar libros prestados','2022-06-09 15:22:54','2022-06-09 15:22:54','9','9','',0,'9',0,15,'2022-06-16 15:00:00','2022-06-16 15:00:00','Accounts','Planned','Outbound','c6210139-0fa2-cd22-2d6c-629a164c9a3f',-1,-1,0,NULL,NULL,1,NULL,NULL,NULL,NULL,NULL),('8b325032-fa09-55ec-c329-62a210f13b46','Reclamación de libros','2022-06-09 15:22:12','2022-06-09 15:22:12','9','9','Le reclamamos los libros prestados',0,'9',0,15,'2022-06-01 15:00:00','2022-06-01 15:00:00','Accounts','Held','Outbound','c6210139-0fa2-cd22-2d6c-629a164c9a3f',-1,-1,0,NULL,NULL,1,NULL,NULL,NULL,NULL,NULL);
REPLACE INTO `contacts` (`id`, `date_entered`, `date_modified`, `modified_user_id`, `created_by`, `description`, `deleted`, `assigned_user_id`, `salutation`, `first_name`, `last_name`, `title`, `photo`, `department`, `do_not_call`, `phone_home`, `phone_mobile`, `phone_work`, `phone_other`, `phone_fax`, `lawful_basis`, `date_reviewed`, `lawful_basis_source`, `primary_address_street`, `primary_address_city`, `primary_address_state`, `primary_address_postalcode`, `primary_address_country`, `alt_address_street`, `alt_address_city`, `alt_address_state`, `alt_address_postalcode`, `alt_address_country`, `assistant`, `assistant_phone`, `lead_source`, `reports_to_id`, `birthdate`, `campaign_id`, `joomla_account_id`, `portal_account_disabled`, `portal_user_type`) VALUES ('50fcf1d5-3c66-c3fa-12a0-62a215ccff26','2022-06-09 15:46:25','2022-06-09 15:48:53','9','9',NULL,0,'9',NULL,'Susana','Vázquez López',NULL,NULL,NULL,0,'666555333',NULL,NULL,NULL,NULL,NULL,NULL,NULL,NULL,NULL,NULL,NULL,NULL,NULL,NULL,NULL,NULL,NULL,NULL,NULL,NULL,'','1984-06-15','',NULL,0,'Single'),('e3c9d0cc-6210-9f62-e8c2-62a216d2ca26','2022-06-09 15:48:33','2022-06-09 15:48:33','9','9','',0,'9',NULL,'Leo','Sans','',NULL,'',0,'','666999888','','',NULL,NULL,NULL,'','','','','','','','','','','',NULL,NULL,NULL,NULL,'1984-06-15','',NULL,NULL,'Single'),('d92c4188-332c-4e3b-5bfd-629a16e9e934','2022-06-03 14:13:02','2022-08-24 09:59:38','2','9',NULL,0,'9',NULL,'Edu','Velázquez',NULL,NULL,NULL,0,NULL,'666666675','91999892',NULL,NULL,NULL,NULL,NULL,'Calle Sistema solar, 12 1º F','Piles','46','46712','España',NULL,NULL,NULL,NULL,NULL,NULL,NULL,NULL,'','1991-10-19','',NULL,0,'Single'),('64dd868d-4554-fc20-5434-629a16216f28','2022-06-03 14:13:02','2022-08-24 11:39:41','2','9',NULL,0,'9',NULL,'Maite','Novoa Marcos',NULL,NULL,NULL,0,NULL,'666666666','930101011',NULL,NULL,NULL,NULL,NULL,'Calle Sol, 12 1º F','Barcelona','08','8002','España',NULL,NULL,NULL,NULL,NULL,NULL,NULL,NULL,'','2010-02-02','',NULL,0,'Single'),('715fb17c-6841-48b8-1478-629a168650d3','2022-06-03 14:13:02','2022-08-24 10:00:57','2','9',NULL,0,'9',NULL,'Manolo','Lasa Casanova',NULL,NULL,NULL,0,NULL,'666666667','930101012',NULL,NULL,NULL,NULL,NULL,'Calle Luna, 12 1º F','Getafe','28','28904','España',NULL,NULL,NULL,NULL,NULL,NULL,NULL,NULL,'','1983-03-03','',NULL,0,'Single'),('a8118958-757f-b13f-686d-629a16b30c2d','2022-06-03 14:13:02','2022-08-24 11:40:48','2','9',NULL,0,'9',NULL,'Jordana','Villanueva Téllez',NULL,NULL,NULL,0,NULL,'666666671','91999888',NULL,NULL,NULL,NULL,NULL,'Calle Planetas, 12 1º F','Sevilla','41','41013','España',NULL,NULL,NULL,NULL,NULL,NULL,NULL,NULL,'','2012-06-26','',NULL,0,'Single'),('b4c40f64-afc8-1733-4bee-629a16745a7d','2022-06-03 14:13:02','2022-08-24 09:59:10','2','9',NULL,0,'9',NULL,'Ximena','Aragón Noriega',NULL,NULL,NULL,0,NULL,'666666672','91999889',NULL,NULL,NULL,NULL,NULL,'Calle Estrella, 12 1º F','Castro Urdiales','39','39700','España',NULL,NULL,NULL,NULL,NULL,NULL,NULL,NULL,'','1988-07-24','',NULL,0,'Single'),('7cca2ead-1566-49c3-846f-629a16df6f37','2022-06-03 14:13:02','2022-08-24 10:05:02','2','9',NULL,0,'9',NULL,'Florencia','Duarte Barco',NULL,NULL,NULL,0,NULL,'666666668','930101013',NULL,NULL,NULL,NULL,NULL,'Calle Venus, 12 1º F','Tarifa','11','11380','España',NULL,NULL,NULL,NULL,NULL,NULL,NULL,NULL,'','1984-03-31','',NULL,0,'Single'),('8af87a2b-f754-b106-c530-629a1603544a','2022-06-03 14:13:02','2022-08-24 09:58:14','2','9',NULL,0,'9',NULL,'Ángel','Armengol Goicoechea',NULL,NULL,NULL,0,NULL,'666666669','930101014',NULL,NULL,NULL,NULL,NULL,'Calle Jupiter, 12 1º F','Bargas','45','45593','España',NULL,NULL,NULL,NULL,NULL,NULL,NULL,NULL,'','1985-04-29','',NULL,0,'Single'),('9909bd90-593c-fae8-0a86-629a16d0aaab','2022-06-03 14:13:02','2022-08-24 10:00:08','2','9',NULL,0,'9',NULL,'Gustavo','Cal-Jerez',NULL,NULL,NULL,0,NULL,'666666670','930101015',NULL,NULL,NULL,NULL,NULL,'Calle Urano, 12 1º F','Aviles','33','33401','España',NULL,NULL,NULL,NULL,NULL,NULL,NULL,NULL,'','1986-05-28','',NULL,0,'Single'),('bf5bcdcd-4a4a-27e3-8e28-629a16cd699c','2022-06-03 14:13:02','2022-08-24 11:41:53','2','9',NULL,0,'9',NULL,'Zacarías','Cisneros Balaguer',NULL,NULL,NULL,0,NULL,'666666673','91999890',NULL,NULL,NULL,NULL,NULL,'Calle Constelacion, 12 1º F','Blanes','17','17300','España',NULL,NULL,NULL,NULL,NULL,NULL,NULL,NULL,'','2008-08-22','',NULL,0,'Single'),('cf8e6331-ed60-0df4-f3f4-629a16167e3d','2022-06-03 14:13:02','2022-08-24 10:01:18','2','9',NULL,0,'9',NULL,'Marianela','Soto Camps',NULL,NULL,NULL,0,NULL,'666666674','91999891',NULL,NULL,NULL,NULL,NULL,'Calle Saturno, 12 1º F','Mortril','18','18005','España',NULL,NULL,NULL,NULL,NULL,NULL,NULL,NULL,'','1990-09-20','',NULL,0,'Single'),('df763fc3-dedb-d07c-5884-6305f5588b7c','2022-08-24 09:54:53','2022-08-24 09:58:27','2','9',NULL,0,'9',NULL,'Ángel María','Armengol Goicoechea',NULL,NULL,NULL,0,NULL,'666666669','930101014',NULL,NULL,NULL,NULL,NULL,'Calle Jupiter, 12 1º F','Bargas','45','45593','España',NULL,NULL,NULL,NULL,NULL,NULL,NULL,NULL,'','1985-04-29','',NULL,0,'Single'),('6a646c1f-b69a-9029-176b-6305f52ad4c4','2022-08-24 09:55:28','2022-08-24 09:55:28','2','9',NULL,0,'9',NULL,'Leo','Sans Martínez',NULL,NULL,NULL,0,NULL,'666999888',NULL,NULL,NULL,NULL,NULL,NULL,NULL,NULL,'',NULL,NULL,NULL,NULL,'',NULL,NULL,NULL,NULL,NULL,NULL,'1984-06-15',NULL,NULL,NULL,'Single'),('68a5737b-804e-b330-17a7-6305f57df183','2022-08-24 09:55:59','2022-08-24 09:58:51','2','9',NULL,0,'9',NULL,'Ximena','Aragón',NULL,NULL,NULL,0,NULL,'666666672','91999889',NULL,NULL,NULL,NULL,NULL,'Calle Estrella, 12 1º F','Castro Urdiales','39','39700','España',NULL,NULL,NULL,NULL,NULL,NULL,NULL,NULL,'','1988-07-24','',NULL,0,'Single');
REPLACE INTO `contacts_cstm` (`id_c`, `jjwg_maps_lng_c`, `jjwg_maps_lat_c`, `jjwg_maps_geocode_status_c`, `jjwg_maps_address_c`, `stic_alt_address_county_c`, `stic_alt_address_region_c`, `stic_alt_address_type_c`, `stic_age_c`, `stic_acquisition_channel_c`, `stic_do_not_send_postal_mail_c`, `stic_employment_status_c`, `stic_gender_c`, `stic_identification_number_c`, `stic_identification_type_c`, `stic_language_c`, `stic_postal_mail_return_reason_c`, `stic_preferred_contact_channel_c`, `stic_primary_address_county_c`, `stic_primary_address_region_c`, `stic_primary_address_type_c`, `stic_professional_sector_c`, `stic_professional_sector_other_c`, `stic_referral_agent_c`, `stic_relationship_type_c`, `stic_tax_name_c`, `stic_total_annual_donations_c`, `stic_182_error_c`, `stic_182_excluded_c`, `stic_professional_profile_c`, `sepe_benefit_perceiver_c`, `sepe_disability_c`, `sepe_education_level_c`, `sepe_immigrant_c`, `sepe_insertion_difficulties_c`, `stic_incorpora_locations_id_c`, `inc_address_block_c`, `inc_address_district_c`, `inc_address_door_c`, `inc_address_floor_c`, `inc_address_num_a_c`, `inc_address_num_b_c`, `inc_address_postal_code_c`, `inc_address_street_c`, `inc_address_street_type_c`, `inc_car_use_c`, `inc_children_c`, `inc_collectives_c`, `inc_communications_language_c`, `inc_country_c`, `inc_derivation_c`, `inc_disability_cert_id_c`, `inc_disability_degree_c`, `inc_disabled_children_c`, `inc_driving_licenses_c`, `inc_economic_benefits_c`, `inc_employment_status_c`, `inc_employ_office_reg_time_c`, `inc_geographical_proximity_c`, `inc_id_c`, `inc_incorporation_date_c`, `inc_incorpora_record_c`, `inc_job_characteristics_c`, `inc_lopd_consent_c`, `inc_max_commuting_time_c`, `inc_nationality_c`, `inc_observations_c`, `inc_own_vehicle_c`, `inc_people_in_charge_c`, `inc_requested_employment_c`, `inc_requested_employment_det_c`, `inc_requested_workday_c`, `inc_travel_availability_c`, `inc_unwanted_employments_c`, `inc_synchronization_log_c`, `inc_synchronization_errors_c`, `inc_synchronization_date_c`, `inc_reference_group_c`, `inc_reference_entity_c`, `inc_reference_officer_c`, `inc_state_code_c`, `inc_municipality_code_c`, `inc_town_code_c`, `inc_state_c`, `inc_municipality_c`, `inc_town_c`) VALUES ('6a646c1f-b69a-9029-176b-6305f52ad4c4',0.00000000,0.00000000,'','','','','',38,'',0,'','male','55788276M','nie','','','','','','','','','','^^','',NULL,0,0,'^^','','','','','','','','','','','','','','','','',NULL,'^^','','','',NULL,'',NULL,'','^^','','','',NULL,NULL,0,'^^','','','','','',NULL,'^^','','','','','',0,NULL,'','',NULL,NULL,NULL,NULL,'','',''),('8af87a2b-f754-b106-c530-629a1603544a',0.00000000,0.00000000,'','','','','',37,'',0,'','male','99701129Q','nif','','','','','','','','','','^member^','',NULL,0,0,'^^','','','','','','','','','','','','','','','','',NULL,'^^','','','',NULL,'',NULL,'','^^','','','',NULL,NULL,0,'^^','','','','','',NULL,'^^','','','','','',0,NULL,'','',NULL,NULL,NULL,NULL,'','',''),('50fcf1d5-3c66-c3fa-12a0-62a215ccff26',0.00000000,0.00000000,'','','','','',38,'',0,'','female','Z2143967G','nie','','','','','','','','','','^beneficiary^','',NULL,0,0,'^^','','','','','','','','','','','','','','','','',NULL,'^^','','','',NULL,'',NULL,'','^^','','','',NULL,NULL,0,'^^','','','','','',NULL,'^^','','','','','',0,NULL,'','',NULL,NULL,NULL,NULL,'','',''),('64dd868d-4554-fc20-5434-629a16216f28',0.00000000,0.00000000,'','','','','',12,'',0,'','female','Y3898207C','nie','','','','','','','','','','^beneficiary^','',NULL,0,0,'^^','','','','','','','','','','','','','','','','',NULL,'^^','','','',NULL,'',NULL,'','^^','','','',NULL,NULL,0,'^^','','','','','',NULL,'^^','','','','','',0,NULL,'','',NULL,NULL,NULL,NULL,'','',''),('e3c9d0cc-6210-9f62-e8c2-62a216d2ca26',0.00000000,0.00000000,NULL,NULL,'','','',38,'',0,'','male','55788276M','nie','','','','','','','','','','^^','',NULL,0,0,'^^','','','','','','','','','','','','','','','','',NULL,'^^','','','',NULL,'',NULL,'','^^','','','',NULL,NULL,0,'^^','','','','','',NULL,'^^','','','','',NULL,0,NULL,NULL,NULL,NULL,NULL,NULL,NULL,NULL,NULL,NULL),('cf8e6331-ed60-0df4-f3f4-629a16167e3d',0.00000000,0.00000000,'','','','','',31,'',0,'','female','81590731W','nif','','','','','','','','','','^donor^,^volunteer^','',NULL,0,0,'^^','','','','','','','','','','','','','','','','',NULL,'^^','','','',NULL,'',NULL,'','^^','','','',NULL,NULL,0,'^^','','','','','',NULL,'^^','','','','','',0,NULL,'','',NULL,NULL,NULL,NULL,'','',''),('bf5bcdcd-4a4a-27e3-8e28-629a16cd699c',0.00000000,0.00000000,'','','','','',14,'',0,'','male','17715663M','nif','','','','','','','','','','^^','',NULL,0,0,'^^','','','','','','','','','','','','','','','','',NULL,'^^','','','',NULL,'',NULL,'','^^','','','',NULL,NULL,0,'^^','','','','','',NULL,'^^','','','','','',0,NULL,'','',NULL,NULL,NULL,NULL,'','',''),('b4c40f64-afc8-1733-4bee-629a16745a7d',0.00000000,0.00000000,'','','','','',34,'',0,'','female','73949782K','nif','','','','','','','','','','^employee^','',NULL,0,0,'^^','','','','','','','','','','','','','','','','',NULL,'^^','','','',NULL,'',NULL,'','^^','','','',NULL,NULL,0,'^^','','','','','',NULL,'^^','','','','','',0,NULL,'','',NULL,NULL,NULL,NULL,'','',''),('a8118958-757f-b13f-686d-629a16b30c2d',0.00000000,0.00000000,'','','','','',10,'',0,'','female','33227586S','nif','','','','','','','','','','^^','',NULL,0,0,'^^','','','','','','','','','','','','','','','','',NULL,'^^','','','',NULL,'',NULL,'','^^','','','',NULL,NULL,0,'^^','','','','','',NULL,'^^','','','','','',0,NULL,'','',NULL,NULL,NULL,NULL,'','',''),('df763fc3-dedb-d07c-5884-6305f5588b7c',0.00000000,0.00000000,'','','','','',37,'',0,'','','99701129Q','nif','','','','','','','','','','^^','',NULL,0,0,'^^','','','','','','','','','','','','','','','','',NULL,'^^','','','',NULL,'',NULL,'','^^','','','',NULL,NULL,0,'^^','','','','','',NULL,'^^','','','','','',0,NULL,'','',NULL,NULL,NULL,NULL,'','',''),('d92c4188-332c-4e3b-5bfd-629a16e9e934',0.00000000,0.00000000,'','','','','',30,'',0,'','male','67045192P','nif','','','','','','','','','','^beneficiary^,^member^','',NULL,0,0,'^^','','','','','','','','','','','','','','','','',NULL,'^^','','','',NULL,'',NULL,'','^^','','','',NULL,NULL,0,'^^','','','','','',NULL,'^^','','','','','',0,NULL,'','',NULL,NULL,NULL,NULL,'','',''),('715fb17c-6841-48b8-1478-629a168650d3',0.00000000,0.00000000,'','','','','',39,'',0,'','male','Y0195572V','nie','','','','','','','','','','^employee^,^member^,^volunteer^','',NULL,0,0,'^^','','','','','','','','','','','','','','','','',NULL,'^^','','','',NULL,'',NULL,'','^^','','','',NULL,NULL,0,'^^','','','','','',NULL,'^^','','','','','',0,NULL,'','',NULL,NULL,NULL,NULL,'','',''),('7cca2ead-1566-49c3-846f-629a16df6f37',0.00000000,0.00000000,'','','','','',38,'',0,'','female','60733421N','nif','','','','','','','','','','^beneficiary^','',NULL,0,0,'^^','','','','','','','','','','','','','','','','',NULL,'^^','','','',NULL,'',NULL,'','^^','','','',NULL,NULL,0,'^^','','','','','',NULL,'^^','','','','','',0,NULL,'','',NULL,NULL,NULL,NULL,'','',''),('9909bd90-593c-fae8-0a86-629a16d0aaab',0.00000000,0.00000000,'','','','','',36,'',0,'','male','80434293G','nif','','','','','','','','','','^volunteer^','',NULL,0,0,'^^','','','','','','','','','','','','','','','','',NULL,'^^','','','',NULL,'',NULL,'','^^','','','',NULL,NULL,0,'^^','','','','','',NULL,'^^','','','','','',0,NULL,'','',NULL,NULL,NULL,NULL,'','',''),('68a5737b-804e-b330-17a7-6305f57df183',0.00000000,0.00000000,'','','','','',34,'',0,'','female','73949782K','nif','','','','','','','','','','^^','',NULL,0,0,'^^','','','','','','','','','','','','','','','','',NULL,'^^','','','',NULL,'',NULL,'','^^','','','',NULL,NULL,0,'^^','','','','','',NULL,'^^','','','','','',0,NULL,'','',NULL,NULL,NULL,NULL,'','','');
REPLACE INTO `email_addr_bean_rel` (`id`, `email_address_id`, `bean_id`, `bean_module`, `primary_address`, `reply_to_address`, `date_created`, `date_modified`, `deleted`) VALUES ('61410d75-69b9-ccf2-917f-5e830ef631dc','65e40330-84da-512c-2b83-5e830efa3986','1','Users',1,0,'2022-05-30 08:56:21','2022-05-30 08:56:21',0),('2f13a5a1-f837-dbee-771d-5b4001e86a0d','2f2df9cc-5718-8d4d-9082-5b4001239c92','2','Users',1,0,'2022-05-30 10:56:38','2022-05-30 10:56:38',0),('933c61d2-15e4-fa94-154e-5b40010d7b19','9357c4b2-d67e-1abd-b03e-5b40013ced29','1','Users',1,0,'2022-05-30 10:56:38','2022-05-30 10:56:38',0),('200e8e1e-76e8-797d-76c4-6299eb0edfb4','20689f69-6688-d787-5e6f-6299eb877f84','1c5412b5-795e-4f4d-e671-6299ebf2d541','Users',1,0,'2022-06-03 11:08:31','2022-06-03 11:08:31',0),('683f0ad3-935d-c32e-fd66-6299ec48f715','20689f69-6688-d787-5e6f-6299eb877f84','9','Users',1,0,'2022-06-03 11:11:36','2022-06-03 11:11:36',0),('64fe74e6-e655-29cd-af8d-629a16012b69','65207613-1af0-5e90-1cf3-629a160ead83','64dd868d-4554-fc20-5434-629a16216f28','Contacts',1,0,'2022-06-03 14:13:02','2022-06-03 14:13:02',0),('717dcb3c-b0a9-53ab-e249-629a168b1de7','7198d160-8977-a8a8-5ed7-629a16ac865a','715fb17c-6841-48b8-1478-629a168650d3','Contacts',1,0,'2022-06-03 14:13:02','2022-06-03 14:13:02',0),('5335f080-aab3-b22a-eeec-6305f8668fcc','f1e09e99-ac92-fc98-91b3-62a21662c139','525ade2e-63f9-ffea-97d5-6305f8bd20df','Leads',1,0,'2022-08-24 10:07:41','2022-08-24 10:07:41',0),('8b1e7c65-d33e-b834-3ce5-629a16a4f675','8b4f4d61-1d12-8fb3-d36b-629a16ce6201','8af87a2b-f754-b106-c530-629a1603544a','Contacts',1,0,'2022-06-03 14:13:02','2022-06-03 14:13:02',0),('a8384df7-ce09-1d53-2a99-629a168ff638','a85720a6-a681-3ff7-2323-629a16a43cd6','a8118958-757f-b13f-686d-629a16b30c2d','Contacts',1,0,'2022-06-03 14:13:02','2022-06-03 14:13:02',0),('503c7d68-780f-031d-bf15-629a1105def3','50523d37-0df8-bb13-0a4f-629a11e3d3ff','d777900b-302f-900b-4c67-629a11c6a979','Contacts',1,0,'2022-06-03 13:50:57','2022-06-03 13:50:57',0),('b4e793ab-76fd-37ab-cc58-629a1639640c','b51eefe1-2f53-d4a1-0f82-629a16c62da0','b4c40f64-afc8-1733-4bee-629a16745a7d','Contacts',1,0,'2022-06-03 14:13:02','2022-06-03 14:13:02',0),('bf826c6b-279a-ee94-40ca-629a16cf6a1c','8569601a-26de-97d0-7868-629a16d37b98','bf5bcdcd-4a4a-27e3-8e28-629a16cd699c','Contacts',1,0,'2022-06-03 14:13:02','2022-06-03 14:13:02',0),('99368fd8-ec58-0285-28ed-629a1646b81a','996117dd-6176-8718-43ee-629a160010f1','9909bd90-593c-fae8-0a86-629a16d0aaab','Contacts',1,0,'2022-06-03 14:13:02','2022-06-03 14:13:02',0),('8542d34e-ee81-5f46-a9b7-629a16820e5b','8569601a-26de-97d0-7868-629a16d37b98','d3fcfa8d-a968-9be4-00ec-629a162aaef5','Contacts',1,0,'2022-06-03 14:10:13','2022-06-03 14:10:13',0),('dd7d4938-8f3d-ca48-c8dc-6305f5e2904d','8b4f4d61-1d12-8fb3-d36b-629a16ce6201','df763fc3-dedb-d07c-5884-6305f5588b7c','Contacts',1,0,'2022-08-24 09:54:53','2022-08-24 09:54:53',0),('cfb354a9-ab39-1cf6-1c49-629a1673615f','50523d37-0df8-bb13-0a4f-629a11e3d3ff','cf8e6331-ed60-0df4-f3f4-629a16167e3d','Contacts',1,0,'2022-06-03 14:13:02','2022-06-03 14:13:02',0),('d9531896-5fb7-24f0-9bcb-629a161eb547','d9725fc4-5b6b-209b-d02a-629a1660744a','d92c4188-332c-4e3b-5bfd-629a16e9e934','Contacts',1,0,'2022-06-03 14:13:02','2022-06-03 14:13:02',0),('20d5ba22-3022-45f8-9090-62a20478e55e','27123bef-7e79-3494-fe1f-62a204ab86e6','a1114779-3ad6-15fa-8da9-629a16a41526','Accounts',1,0,'2022-06-09 14:33:55','2022-06-09 14:33:55',0),('1b9f6c5f-4419-4de3-1483-62a205d6f65c','1befed28-ff2b-90ad-f8b0-62a20542a445','91f97776-4b84-8225-ec97-629a16bb2482','Accounts',1,0,'2022-06-09 14:35:11','2022-06-09 14:35:11',0),('200fe82b-4763-a798-670d-62a20674c809','2056578e-cfb7-0594-0208-62a2068a7b3f','c6210139-0fa2-cd22-2d6c-629a164c9a3f','Accounts',1,0,'2022-06-09 14:41:44','2022-06-09 14:41:44',0),('86217885-4326-30e6-8ed3-62a2064642e6','8675f61f-4453-8aa1-cfe6-62a206ec4630','af067076-a0c4-b118-1be1-629a16c717bf','Accounts',1,0,'2022-06-09 14:41:53','2022-06-09 14:41:53',0),('992e5051-e31b-d814-02a9-6305f921a66c','8569601a-26de-97d0-7868-629a16d37b98','983ec28d-a688-1e00-a981-6305f9567255','Leads',1,0,'2022-08-24 10:12:58','2022-08-24 10:12:58',0),('ed0e21af-a417-6e0a-f332-6305f8d74077','b51eefe1-2f53-d4a1-0f82-629a16c62da0','ec22ed29-ec88-ed97-0042-6305f89a3440','Leads',1,0,'2022-08-24 10:08:30','2022-08-24 10:08:30',0),('42ea164f-6ba7-023f-520e-6305f85038cf','e783573b-b8a3-fe75-a92c-62a2169a41dc','419eb3aa-5f62-79d2-5e04-6305f84feb24','Leads',1,0,'2022-08-24 10:06:04','2022-08-24 10:06:04',0),('238691c4-9637-a38c-7d4d-6305f73e74bc','d7f8e9cb-5417-e8cb-d9ef-62a208edd2d0','7cca2ead-1566-49c3-846f-629a16df6f37','Contacts',1,0,'2022-08-24 10:05:02','2022-08-24 10:05:02',0),('7c20e8af-1f3b-3103-b1bb-6305f7145b3b','d504691f-fc65-a561-a45c-62a208bb84e9','a728f087-4008-e963-950c-6305f7760ef1','Leads',1,0,'2022-08-24 10:03:40','2022-08-24 10:03:40',0),('62603b08-467f-3b93-1776-6305f7b5a9ac','cb5aeaaf-1e08-d9a2-20c3-62a208ef1b9a','82f2b6ca-9526-0873-c0d6-6305f77a94e3','Leads',1,0,'2022-08-24 10:03:20','2022-08-24 10:03:20',0),('8965fae7-39c8-fecc-1c96-6305f74371a6','820eda79-ce3c-686a-9cee-62a2085d2bcb','d43ea670-2138-1700-8ecb-6305f78f4503','Leads',1,0,'2022-08-24 10:02:54','2022-08-24 10:02:54',0),('da5524fb-8cc7-2544-f6fd-6305f58a747d','b51eefe1-2f53-d4a1-0f82-629a16c62da0','68a5737b-804e-b330-17a7-6305f57df183','Contacts',1,0,'2022-08-24 09:55:59','2022-08-24 09:55:59',0),('46cf79c4-6a94-a38d-3377-6305f5774a98','e783573b-b8a3-fe75-a92c-62a2169a41dc','6a646c1f-b69a-9029-176b-6305f52ad4c4','Contacts',1,0,'2022-08-24 09:55:28','2022-08-24 09:55:28',0),('d494005f-9a65-ee4d-9134-62a208e7940d','d504691f-fc65-a561-a45c-62a208bb84e9','5cfdf1cf-70ab-2f29-941e-62a20800b722','Leads',1,0,'2022-06-09 14:49:21','2022-06-09 14:49:21',0),('20f324fb-d7e4-e2d3-6aa3-62a208890ce7','215a5886-4d3b-cda8-b370-62a208f9882d','632fb77b-7380-8882-a08b-62a2082db4a1','Leads',1,0,'2022-06-09 14:49:48','2022-06-09 14:49:48',0),('d7a45b53-56d2-4502-4689-62a2082d60ab','d7f8e9cb-5417-e8cb-d9ef-62a208edd2d0','75687dc3-73af-722e-c3da-62a208f2d595','Leads',1,0,'2022-06-09 14:50:00','2022-06-09 14:50:00',0),('817b9341-560c-82b8-00b5-62a208a7a191','820eda79-ce3c-686a-9cee-62a2085d2bcb','7c89ca09-8b31-59a3-f832-62a20843ddde','Leads',1,0,'2022-06-09 14:50:14','2022-06-09 14:50:14',0),('cb073436-3f6d-b97c-0a3e-62a20880113c','cb5aeaaf-1e08-d9a2-20c3-62a208ef1b9a','88ffc04f-6ce1-aec7-34a0-62a208af6415','Leads',1,0,'2022-06-09 14:50:41','2022-06-09 14:50:41',0),('5b4da7ac-1ca3-a54f-9ef2-62a208c2a175','5bb756d6-67fe-8ae5-0a0f-62a2085c805e','8eb49b89-d92d-8a80-3566-62a20833d33f','Leads',1,0,'2022-06-09 14:51:04','2022-06-09 14:51:04',0),('c97daa30-16b9-ddff-6561-62a208b2695d','ca2df80d-26df-536b-423a-62a208c5da26','9633c635-44b9-54e5-d052-62a208d2d621','Leads',1,0,'2022-06-09 14:51:22','2022-06-09 14:51:22',0),('a7057bdd-4612-3385-145d-62a209098db9','a75eee86-099d-9f00-d22e-62a2090b9850','398f0808-3874-16b9-50dc-62a2081c0315','Leads',1,0,'2022-06-09 14:51:45','2022-06-09 14:51:45',0),('afda5fa6-6433-0ac1-8e70-62a2093314a2','b026d13d-ac62-06a6-4bbb-62a209d3a96c','56c8a52c-b57e-e372-d93a-62a2082991b0','Leads',1,0,'2022-06-09 14:51:52','2022-06-09 14:51:52',0),('5a54a052-9eb5-06ed-2abc-62a209ad0ad2','5ac97c0f-d8d2-2a94-c7ab-62a2099df474','82335018-0130-e79b-ff5e-62a20835c417','Leads',1,0,'2022-06-09 14:52:24','2022-06-09 14:52:24',0),('e6d8d917-eca3-ca16-77e2-62a216cbfb60','e783573b-b8a3-fe75-a92c-62a2169a41dc','e3c9d0cc-6210-9f62-e8c2-62a216d2ca26','Contacts',1,0,'2022-06-09 15:48:33','2022-06-09 15:48:33',0),('f19d2533-479f-0901-af94-62a2169da5c3','f1e09e99-ac92-fc98-91b3-62a21662c139','50fcf1d5-3c66-c3fa-12a0-62a215ccff26','Contacts',1,0,'2022-06-09 15:48:53','2022-06-09 15:48:53',0);
REPLACE INTO `email_addresses` (`id`, `email_address`, `email_address_caps`, `invalid_email`, `opt_out`, `confirm_opt_in`, `confirm_opt_in_date`, `confirm_opt_in_sent_date`, `confirm_opt_in_fail_date`, `confirm_opt_in_token`, `date_created`, `date_modified`, `deleted`) VALUES ('65e40330-84da-512c-2b83-5e830efa3986','test@test.com','TEST@TEST.COM',0,0,'not-opt-in',NULL,NULL,NULL,NULL,'2022-05-30 08:56:21','2022-05-30 08:56:21',0),('2f2df9cc-5718-8d4d-9082-5b4001239c92','info@sinergiacrm.org','INFO@SINERGIACRM.ORG',0,0,'not-opt-in',NULL,NULL,NULL,NULL,'2022-05-30 10:56:38','2022-05-30 10:56:38',0),('9357c4b2-d67e-1abd-b03e-5b40013ced29','test@test.com','TEST@TEST.COM',0,0,'not-opt-in',NULL,NULL,NULL,NULL,'2022-05-30 10:56:38','2022-05-30 10:56:38',0),('20689f69-6688-d787-5e6f-6299eb877f84','sintest@test.com','SINTEST@TEST.COM',0,0,'not-opt-in',NULL,NULL,NULL,NULL,'2022-06-03 11:08:31','2022-06-03 11:08:31',0),('a85720a6-a681-3ff7-2323-629a16a43cd6','jordana@test.com','JORDANA@TEST.COM',0,0,'not-opt-in',NULL,NULL,NULL,NULL,'2022-06-03 14:13:02','2022-06-09 14:40:52',0),('7198d160-8977-a8a8-5ed7-629a16ac865a','manolo@test.com','MANOLO@TEST.COM',0,0,'not-opt-in',NULL,NULL,NULL,NULL,'2022-06-03 14:13:02','2022-06-09 14:41:20',0),('65207613-1af0-5e90-1cf3-629a160ead83','maite@test.com','MAITE@TEST.COM',0,0,'not-opt-in',NULL,NULL,NULL,NULL,'2022-06-03 14:13:02','2022-06-09 14:40:52',0),('50523d37-0df8-bb13-0a4f-629a11e3d3ff','marianela@test.com','MARIANELA@TEST.COM',0,0,'not-opt-in',NULL,NULL,NULL,NULL,'2022-06-03 13:50:57','2022-06-09 14:40:52',0),('7cffda80-7407-36f5-ef33-629a161503eb','florencia@test.com','FLORENCIA@TEST.COM',0,0,'not-opt-in',NULL,NULL,NULL,NULL,'2022-06-03 14:13:02','2022-06-09 14:40:52',0),('8b4f4d61-1d12-8fb3-d36b-629a16ce6201','angel@test.com','ANGEL@TEST.COM',0,0,'not-opt-in',NULL,NULL,NULL,NULL,'2022-06-03 14:13:02','2022-06-09 14:41:20',0),('996117dd-6176-8718-43ee-629a160010f1','gustavo@test.com','GUSTAVO@TEST.COM',0,0,'not-opt-in',NULL,NULL,NULL,NULL,'2022-06-03 14:13:02','2022-06-09 14:41:20',0),('8569601a-26de-97d0-7868-629a16d37b98','zacarias@test.com','ZACARIAS@TEST.COM',0,0,'not-opt-in',NULL,NULL,NULL,NULL,'2022-06-03 14:10:13','2022-06-09 14:41:20',0),('b51eefe1-2f53-d4a1-0f82-629a16c62da0','ximena@test.com','XIMENA@TEST.COM',0,0,'not-opt-in',NULL,NULL,NULL,NULL,'2022-06-03 14:13:02','2022-06-09 14:40:52',0),('d9725fc4-5b6b-209b-d02a-629a1660744a','edu@test.com','EDU@TEST.COM',0,0,'not-opt-in',NULL,NULL,NULL,NULL,'2022-06-03 14:13:02','2022-06-09 14:41:20',0),('27123bef-7e79-3494-fe1f-62a204ab86e6','minilectores@test.es','MINILECTORES@TEST.ES',0,0,'not-opt-in',NULL,NULL,NULL,NULL,'2022-06-09 14:33:55','2022-06-09 14:33:55',0),('1befed28-ff2b-90ad-f8b0-62a20542a445','elfolio@test.com','ELFOLIO@TEST.COM',0,0,'not-opt-in',NULL,NULL,NULL,NULL,'2022-06-09 14:35:11','2022-06-09 14:35:11',0),('2056578e-cfb7-0594-0208-62a2068a7b3f','alh@test.com','ALH@TEST.COM',0,0,'not-opt-in',NULL,NULL,NULL,NULL,'2022-06-09 14:41:44','2022-06-09 14:41:44',0),('8675f61f-4453-8aa1-cfe6-62a206ec4630','cal@test.com','CAL@TEST.COM',0,0,'not-opt-in',NULL,NULL,NULL,NULL,'2022-06-09 14:41:53','2022-06-09 14:41:53',0),('d504691f-fc65-a561-a45c-62a208bb84e9','ana@test.com','ANA@TEST.COM',0,0,'not-opt-in',NULL,NULL,NULL,NULL,'2022-06-09 14:49:21','2022-06-09 14:49:21',0),('215a5886-4d3b-cda8-b370-62a208f9882d','luisa@test.com','LUISA@TEST.COM',0,0,'not-opt-in',NULL,NULL,NULL,NULL,'2022-06-09 14:49:48','2022-06-09 14:49:48',0),('d7f8e9cb-5417-e8cb-d9ef-62a208edd2d0','flora@test.com','FLORA@TEST.COM',0,0,'not-opt-in',NULL,NULL,NULL,NULL,'2022-06-09 14:50:00','2022-06-09 14:50:00',0),('820eda79-ce3c-686a-9cee-62a2085d2bcb','pedro@test.com','PEDRO@TEST.COM',0,0,'not-opt-in',NULL,NULL,NULL,NULL,'2022-06-09 14:50:14','2022-06-09 14:50:14',0),('cb5aeaaf-1e08-d9a2-20c3-62a208ef1b9a','marta@test.com','MARTA@TEST.COM',0,0,'not-opt-in',NULL,NULL,NULL,NULL,'2022-06-09 14:50:41','2022-06-09 14:50:41',0),('5bb756d6-67fe-8ae5-0a0f-62a2085c805e','koldo@test.com','KOLDO@TEST.COM',0,0,'not-opt-in',NULL,NULL,NULL,NULL,'2022-06-09 14:51:04','2022-06-09 14:51:04',0),('ca2df80d-26df-536b-423a-62a208c5da26','bruno@test.com','BRUNO@TEST.COM',0,0,'not-opt-in',NULL,NULL,NULL,NULL,'2022-06-09 14:51:22','2022-06-09 14:51:22',0),('a75eee86-099d-9f00-d22e-62a2090b9850','daniela@test.com','DANIELA@TEST.COM',0,0,'not-opt-in',NULL,NULL,NULL,NULL,'2022-06-09 14:51:45','2022-06-09 14:51:45',0),('b026d13d-ac62-06a6-4bbb-62a209d3a96c','carlos@test.com','CARLOS@TEST.COM',0,0,'not-opt-in',NULL,NULL,NULL,NULL,'2022-06-09 14:51:52','2022-06-09 14:51:52',0),('5ac97c0f-d8d2-2a94-c7ab-62a2099df474','jesus@test.com','JESUS@TEST.COM',0,0,'not-opt-in',NULL,NULL,NULL,NULL,'2022-06-09 14:52:24','2022-06-09 14:52:24',0),('e783573b-b8a3-fe75-a92c-62a2169a41dc','leo@test.com','LEO@TEST.COM',0,0,'not-opt-in',NULL,NULL,NULL,NULL,'2022-06-09 15:48:33','2022-06-09 15:48:33',0),('f1e09e99-ac92-fc98-91b3-62a21662c139','sus@test.com','SUS@TEST.COM',0,0,'not-opt-in',NULL,NULL,NULL,NULL,'2022-06-09 15:48:53','2022-06-09 15:48:53',0);
REPLACE INTO `leads` (`id`, `date_entered`, `date_modified`, `modified_user_id`, `created_by`, `description`, `deleted`, `assigned_user_id`, `salutation`, `first_name`, `last_name`, `title`, `photo`, `department`, `do_not_call`, `phone_home`, `phone_mobile`, `phone_work`, `phone_other`, `phone_fax`, `lawful_basis`, `date_reviewed`, `lawful_basis_source`, `primary_address_street`, `primary_address_city`, `primary_address_state`, `primary_address_postalcode`, `primary_address_country`, `alt_address_street`, `alt_address_city`, `alt_address_state`, `alt_address_postalcode`, `alt_address_country`, `assistant`, `assistant_phone`, `converted`, `refered_by`, `lead_source`, `lead_source_description`, `status`, `status_description`, `reports_to_id`, `account_name`, `account_description`, `contact_id`, `account_id`, `opportunity_id`, `opportunity_name`, `opportunity_amount`, `campaign_id`, `birthdate`, `portal_name`, `portal_app`, `website`) VALUES ('8eb49b89-d92d-8a80-3566-62a20833d33f','2022-06-03 14:13:00','2022-06-09 14:51:04','9','9',NULL,0,'9',NULL,'Koldo','Lasa Casanova',NULL,NULL,NULL,0,NULL,'666666667','930101012',NULL,NULL,NULL,NULL,NULL,'Calle Luna, 12 1º F','Getafe','28','28904','España',NULL,NULL,NULL,NULL,NULL,NULL,NULL,0,NULL,NULL,NULL,'New',NULL,'',NULL,NULL,'','','',NULL,NULL,'','1983-03-03',NULL,NULL,NULL),('88ffc04f-6ce1-aec7-34a0-62a208af6415','2022-06-03 14:13:00','2022-06-09 14:50:41','9','9',NULL,0,'9',NULL,'Marta','Novoa Marcos',NULL,NULL,NULL,0,NULL,'666666666','930101011',NULL,NULL,NULL,NULL,NULL,'Calle Sol, 12 1º F','Barcelona','08','8002','España',NULL,NULL,NULL,NULL,NULL,NULL,NULL,0,NULL,NULL,NULL,'New',NULL,'',NULL,NULL,'','','',NULL,NULL,'','1982-02-02',NULL,NULL,NULL),('82335018-0130-e79b-ff5e-62a20835c417','2022-06-03 14:13:00','2022-06-09 14:52:24','9','9',NULL,0,'9',NULL,'Jesús','Cal-Jerez',NULL,NULL,NULL,0,NULL,'666666670','930101015',NULL,NULL,NULL,NULL,NULL,'Calle Urano, 12 1º F','Aviles','33','33401','España',NULL,NULL,NULL,NULL,NULL,NULL,NULL,0,NULL,NULL,NULL,'New',NULL,'',NULL,NULL,'','','',NULL,NULL,'','1986-05-28',NULL,NULL,NULL),('7c89ca09-8b31-59a3-f832-62a20843ddde','2022-06-03 14:13:00','2022-06-09 14:50:14','9','9',NULL,0,'9',NULL,'Pedro','Armengol Goicoechea',NULL,NULL,NULL,0,NULL,'666666669','930101014',NULL,NULL,NULL,NULL,NULL,'Calle Jupiter, 12 1º F','Bargas','45','45593','España',NULL,NULL,NULL,NULL,NULL,NULL,NULL,0,NULL,NULL,NULL,'New',NULL,'',NULL,NULL,'','','',NULL,NULL,'','1985-04-29',NULL,NULL,NULL),('75687dc3-73af-722e-c3da-62a208f2d595','2022-06-03 14:13:00','2022-06-09 14:50:00','9','9',NULL,0,'9',NULL,'Flora','Duarte Barco',NULL,NULL,NULL,0,NULL,'666666668','930101013',NULL,NULL,NULL,NULL,NULL,'Calle Venus, 12 1º F','Tarifa','11','11380','España',NULL,NULL,NULL,NULL,NULL,NULL,NULL,0,NULL,NULL,NULL,'New',NULL,'',NULL,NULL,'','','',NULL,NULL,'','1984-03-31',NULL,NULL,NULL),('632fb77b-7380-8882-a08b-62a2082db4a1','2022-06-03 14:13:00','2022-06-09 14:49:48','9','9',NULL,0,'9',NULL,'Luisa','Aragón Noriega',NULL,NULL,NULL,0,NULL,'666666672','91999889',NULL,NULL,NULL,NULL,NULL,'Calle Estrella, 12 1º F','Castro Urdiales','39','39700','España',NULL,NULL,NULL,NULL,NULL,NULL,NULL,0,NULL,NULL,NULL,'New',NULL,'',NULL,NULL,'','','',NULL,NULL,'','1988-07-24',NULL,NULL,NULL),('5cfdf1cf-70ab-2f29-941e-62a20800b722','2022-06-03 14:13:00','2022-06-09 14:49:21','9','9',NULL,0,'9',NULL,'Ana','Villanueva Téllez',NULL,NULL,NULL,0,NULL,'666666671','91999888',NULL,NULL,NULL,NULL,NULL,'Calle Planetas, 12 1º F','Sevilla','41','41013','España',NULL,NULL,NULL,NULL,NULL,NULL,NULL,0,NULL,NULL,NULL,'New',NULL,'',NULL,NULL,'','','',NULL,NULL,'','1987-06-26',NULL,NULL,NULL),('56c8a52c-b57e-e372-d93a-62a2082991b0','2022-06-03 14:13:00','2022-06-09 14:51:52','9','9',NULL,0,'9',NULL,'Carlos','Cisneros Balaguer',NULL,NULL,NULL,0,NULL,'666666673','91999890',NULL,NULL,NULL,NULL,NULL,'Calle Constelacion, 12 1º F','Blanes','17','17300','España',NULL,NULL,NULL,NULL,NULL,NULL,NULL,0,NULL,NULL,NULL,'New',NULL,'',NULL,NULL,'','','',NULL,NULL,'','1989-08-22',NULL,NULL,NULL),('398f0808-3874-16b9-50dc-62a2081c0315','2022-06-03 14:13:00','2022-06-09 14:51:45','9','9',NULL,0,'9',NULL,'Daniela','Soto Camps',NULL,NULL,NULL,0,NULL,'666666674','91999891',NULL,NULL,NULL,NULL,NULL,'Calle Saturno, 12 1º F','Mortril','18','18005','España',NULL,NULL,NULL,NULL,NULL,NULL,NULL,0,NULL,NULL,NULL,'New',NULL,'',NULL,NULL,'','','',NULL,NULL,'','1990-09-20',NULL,NULL,NULL),('9633c635-44b9-54e5-d052-62a208d2d621','2022-06-03 14:13:00','2022-06-09 14:51:22','9','9',NULL,0,'9',NULL,'Bruno','Velázquez',NULL,NULL,NULL,0,NULL,'666666675','91999892',NULL,NULL,NULL,NULL,NULL,'Calle Sistema solar, 12 1º F','Piles','46','46712','España',NULL,NULL,NULL,NULL,NULL,NULL,NULL,0,NULL,NULL,NULL,'New',NULL,'',NULL,NULL,'','','',NULL,NULL,'','1991-10-19',NULL,NULL,NULL),('d43ea670-2138-1700-8ecb-6305f78f4503','2022-08-24 10:02:54','2022-08-24 10:03:53','2','9',NULL,0,'9',NULL,'Pedro','Armengol',NULL,NULL,NULL,0,NULL,NULL,'930101014',NULL,NULL,NULL,NULL,NULL,'Calle Jupiter, 12 1º F','Bargas','45','45593','España',NULL,NULL,NULL,NULL,NULL,NULL,NULL,0,NULL,NULL,NULL,'New',NULL,'',NULL,NULL,'','','',NULL,NULL,'','1985-04-29',NULL,NULL,NULL),('82f2b6ca-9526-0873-c0d6-6305f77a94e3','2022-08-24 10:03:20','2022-08-24 10:03:58','2','9',NULL,0,'9',NULL,'Marta','Novoa',NULL,NULL,NULL,0,NULL,NULL,'930101011',NULL,NULL,NULL,NULL,NULL,'Calle Sol, 12 1º F','Barcelona','08','8002','España',NULL,NULL,NULL,NULL,NULL,NULL,NULL,0,NULL,NULL,NULL,'New',NULL,'',NULL,NULL,'','','',NULL,NULL,'','1982-02-02',NULL,NULL,NULL),('a728f087-4008-e963-950c-6305f7760ef1','2022-08-24 10:03:40','2022-08-24 10:03:40','2','9',NULL,0,'9',NULL,'Ana','Villanueva',NULL,NULL,NULL,0,NULL,NULL,NULL,NULL,NULL,NULL,NULL,NULL,'Calle Planetas, 12 1º F','Sevilla','41','41013','España',NULL,NULL,'',NULL,NULL,NULL,NULL,0,NULL,NULL,NULL,'New',NULL,NULL,NULL,NULL,NULL,NULL,NULL,NULL,NULL,NULL,'1987-06-26',NULL,NULL,NULL),('419eb3aa-5f62-79d2-5e04-6305f84feb24','2022-08-24 10:06:04','2022-08-24 10:07:07','2','9',NULL,0,'9',NULL,'Leo','Sans',NULL,NULL,NULL,0,NULL,NULL,NULL,NULL,NULL,NULL,NULL,NULL,NULL,NULL,NULL,NULL,NULL,NULL,NULL,NULL,NULL,NULL,NULL,NULL,0,NULL,NULL,NULL,'New',NULL,'',NULL,NULL,'','','',NULL,NULL,'',NULL,NULL,NULL,NULL),('525ade2e-63f9-ffea-97d5-6305f8bd20df','2022-08-24 10:07:41','2022-08-24 10:11:34','2','9',NULL,0,'9',NULL,'Susanna','Vazquez',NULL,NULL,NULL,0,NULL,NULL,NULL,NULL,NULL,NULL,NULL,NULL,NULL,NULL,NULL,NULL,NULL,NULL,NULL,NULL,NULL,NULL,NULL,NULL,0,NULL,NULL,NULL,'New',NULL,'',NULL,NULL,'','','',NULL,NULL,'',NULL,NULL,NULL,NULL),('ec22ed29-ec88-ed97-0042-6305f89a3440','2022-08-24 10:08:30','2022-08-24 10:11:48','2','9',NULL,0,'9',NULL,'Ximena','Aragon',NULL,NULL,NULL,0,NULL,NULL,NULL,NULL,NULL,NULL,NULL,NULL,NULL,NULL,NULL,NULL,NULL,NULL,NULL,NULL,NULL,NULL,NULL,NULL,0,NULL,NULL,NULL,'New',NULL,'',NULL,NULL,'','','',NULL,NULL,'',NULL,NULL,NULL,NULL),('983ec28d-a688-1e00-a981-6305f9567255','2022-08-24 10:12:58','2022-08-24 10:12:58','2','9','',0,'9',NULL,'Zacari','Cisneros','',NULL,'',0,'','','',NULL,NULL,NULL,NULL,'','','','','','','','','','','',NULL,NULL,0,NULL,NULL,NULL,'New',NULL,NULL,'',NULL,'','','',NULL,NULL,'',NULL,NULL,NULL,NULL);
REPLACE INTO `leads_cstm` (`id_c`, `jjwg_maps_lng_c`, `jjwg_maps_lat_c`, `jjwg_maps_geocode_status_c`, `jjwg_maps_address_c`, `stic_identification_type_c`, `stic_identification_number_c`, `stic_language_c`, `stic_gender_c`, `stic_employment_status_c`, `stic_professional_sector_c`, `stic_professional_sector_other_c`, `stic_primary_address_type_c`, `stic_primary_address_county_c`, `stic_primary_address_region_c`, `stic_alt_address_type_c`, `stic_alt_address_county_c`, `stic_alt_address_region_c`, `stic_acquisition_channel_c`, `stic_do_not_send_postal_mail_c`, `stic_postal_mail_return_reason_c`, `stic_referral_agent_c`) VALUES ('9633c635-44b9-54e5-d052-62a208d2d621',0.00000000,0.00000000,'','','','','','male','','','','','','','','','','',0,'',''),('8eb49b89-d92d-8a80-3566-62a20833d33f',0.00000000,0.00000000,'','','','','','male','','','','','','','','','','',0,'',''),('88ffc04f-6ce1-aec7-34a0-62a208af6415',0.00000000,0.00000000,'','','','','','female','','','','','','','','','','',0,'',''),('82335018-0130-e79b-ff5e-62a20835c417',0.00000000,0.00000000,'','','','','','male','','','','','','','','','','',0,'',''),('7c89ca09-8b31-59a3-f832-62a20843ddde',0.00000000,0.00000000,'','','','','','male','','','','','','','','','','',0,'',''),('75687dc3-73af-722e-c3da-62a208f2d595',0.00000000,0.00000000,'','','','','','female','','','','','','','','','','',0,'',''),('632fb77b-7380-8882-a08b-62a2082db4a1',0.00000000,0.00000000,'','','','','','female','','','','','','','','','','',0,'',''),('5cfdf1cf-70ab-2f29-941e-62a20800b722',0.00000000,0.00000000,'','','','','','female','','','','','','','','','','',0,'',''),('56c8a52c-b57e-e372-d93a-62a2082991b0',0.00000000,0.00000000,'','','','','','male','','','','','','','','','','',0,'',''),('398f0808-3874-16b9-50dc-62a2081c0315',0.00000000,0.00000000,'','','','','','female','','','','','','','','','','',0,'',''),('d43ea670-2138-1700-8ecb-6305f78f4503',0.00000000,0.00000000,'','','','','','male','','','','','','','','','','',0,'',''),('82f2b6ca-9526-0873-c0d6-6305f77a94e3',0.00000000,0.00000000,'','','','','','female','','','','','','','','','','',0,'',''),('a728f087-4008-e963-950c-6305f7760ef1',0.00000000,0.00000000,NULL,NULL,NULL,NULL,NULL,'female',NULL,NULL,NULL,NULL,NULL,'',NULL,NULL,'',NULL,0,NULL,NULL),('419eb3aa-5f62-79d2-5e04-6305f84feb24',0.00000000,0.00000000,'','','','','','','','','','','','','','','','',0,'',''),('525ade2e-63f9-ffea-97d5-6305f8bd20df',0.00000000,0.00000000,'','','nie','Z2143967G','','','','','','','','','','','','',0,'',''),('ec22ed29-ec88-ed97-0042-6305f89a3440',0.00000000,0.00000000,'','','nif','73949782K','','','','','','','','','','','','',0,'',''),('983ec28d-a688-1e00-a981-6305f9567255',0.00000000,0.00000000,NULL,NULL,'nif','17715663M','','','','','','','','','','','','',0,'','');
REPLACE INTO `meetings` (`id`, `name`, `date_entered`, `date_modified`, `modified_user_id`, `created_by`, `description`, `deleted`, `assigned_user_id`, `location`, `password`, `join_url`, `host_url`, `displayed_url`, `creator`, `external_id`, `duration_hours`, `duration_minutes`, `date_start`, `date_end`, `parent_type`, `status`, `type`, `parent_id`, `reminder_time`, `email_reminder_time`, `email_reminder_sent`, `outlook_id`, `sequence`, `repeat_type`, `repeat_interval`, `repeat_dow`, `repeat_until`, `repeat_count`, `repeat_parent_id`, `recurring_source`, `gsync_id`, `gsync_lastsync`) VALUES ('361ac88d-1d98-8c0f-4761-630609fd3b48','Reunión de seguimiento de proyecto','2022-08-24 11:18:44','2022-08-24 11:18:44','2','9','',0,'9','',NULL,NULL,NULL,NULL,NULL,NULL,0,30,'2022-08-24 11:00:00','2022-08-24 11:30:00','Contacts','Planned','Sugar','d92c4188-332c-4e3b-5bfd-629a16e9e934',-1,-1,0,NULL,0,NULL,1,NULL,NULL,NULL,NULL,NULL,NULL,NULL),('6edfd0cc-3055-f85d-bcc2-6306093362b7','Reunión de cierre de proyecto','2022-08-24 11:19:24','2022-08-24 11:20:18','2','9',NULL,0,'9',NULL,NULL,NULL,NULL,NULL,NULL,NULL,1,0,'2022-08-11 11:00:00','2022-08-11 12:00:00','Contacts','Planned','Sugar','d92c4188-332c-4e3b-5bfd-629a16e9e934',-1,-1,0,NULL,0,NULL,1,NULL,NULL,NULL,'',NULL,NULL,NULL),('a355db7a-cea4-9918-f39b-63060ffb6e6b','Reunión de acompañamiento','2022-08-24 11:48:04','2022-08-24 11:48:04','2','9','',0,'9','',NULL,NULL,NULL,NULL,NULL,NULL,1,0,'2024-10-01 11:00:00','2024-10-01 12:00:00','Contacts','Planned','Sugar','d92c4188-332c-4e3b-5bfd-629a16e9e934',-1,-1,0,NULL,0,NULL,1,NULL,NULL,NULL,NULL,NULL,NULL,NULL),('505e2ec0-2b25-c5a4-3a73-6306109380e4','Reunión de revisión anual','2022-08-24 11:48:38','2022-08-24 11:48:38','2','9','',0,'9','',NULL,NULL,NULL,NULL,NULL,NULL,1,0,'2025-01-01 12:00:00','2025-01-01 13:00:00','Contacts','Planned','Sugar','d92c4188-332c-4e3b-5bfd-629a16e9e934',-1,-1,0,NULL,0,NULL,1,NULL,NULL,NULL,NULL,NULL,NULL,NULL);
REPLACE INTO `meetings_cstm` (`id_c`, `jjwg_maps_lng_c`, `jjwg_maps_lat_c`, `jjwg_maps_geocode_status_c`, `jjwg_maps_address_c`) VALUES ('361ac88d-1d98-8c0f-4761-630609fd3b48',0.00000000,0.00000000,NULL,NULL),('6edfd0cc-3055-f85d-bcc2-6306093362b7',0.00000000,0.00000000,'',''),('a355db7a-cea4-9918-f39b-63060ffb6e6b',0.00000000,0.00000000,NULL,NULL),('505e2ec0-2b25-c5a4-3a73-6306109380e4',0.00000000,0.00000000,NULL,NULL);
REPLACE INTO `notes` (`assigned_user_id`, `id`, `date_entered`, `date_modified`, `modified_user_id`, `created_by`, `name`, `file_mime_type`, `filename`, `parent_type`, `parent_id`, `contact_id`, `portal_flag`, `embed_flag`, `description`, `deleted`) VALUES ('9','1d300784-d2f0-c83b-9242-62a20f231bf6','2022-06-09 15:20:03','2022-08-24 11:22:36','2','9','Nuevo logotipo',NULL,NULL,'Accounts','eb4aac69-aa82-29a1-677e-62a20df61c0e','d92c4188-332c-4e3b-5bfd-629a16e9e934',0,0,'En la fecha de esta nota ha cambiado el logotipo de la DGC y es necesario incorporarlo en los nuevos documentos',0),('9','a6b30fa5-33ae-686c-1de8-62a20fc5a976','2022-06-09 15:17:50','2022-08-24 11:22:43','2','9','Se requieren facturas originales',NULL,NULL,'Opportunities','96d57bfa-ea1a-aae0-333f-62a20dec664b','d92c4188-332c-4e3b-5bfd-629a16e9e934',0,0,'En la justificación de esta subvención no se aceptan facturas digitales.',0),('9','d6c1658f-7092-2805-f879-62a20ed1620b','2022-06-09 15:16:34','2022-06-09 15:16:34','9','9','Pendiente devolución de libros',NULL,'','Accounts','c6210139-0fa2-cd22-2d6c-629a164c9a3f','d92c4188-332c-4e3b-5bfd-629a16e9e934',0,0,'Tiene pendiente la devolución de la colección completa de Los cinco',0);
REPLACE INTO `opportunities` (`id`, `name`, `date_entered`, `date_modified`, `modified_user_id`, `created_by`, `description`, `deleted`, `assigned_user_id`, `opportunity_type`, `campaign_id`, `lead_source`, `amount`, `amount_usdollar`, `currency_id`, `date_closed`, `next_step`, `sales_stage`, `probability`) VALUES ('3e910454-cab1-1c74-7e69-62a20d4c1cef','Pequeños lectores 2022','2022-06-09 15:12:45','2022-06-09 15:13:19','9','9',NULL,0,'9',NULL,'',NULL,25000,25000,'-99',NULL,NULL,NULL,NULL),('96d57bfa-ea1a-aae0-333f-62a20dec664b','Ayuda para gestión de alojamientos de emergencia','2022-06-09 15:11:09','2022-06-09 15:14:30','9','9',NULL,0,'9',NULL,'',NULL,125000,125000,'-99',NULL,NULL,NULL,NULL);
REPLACE INTO `opportunities_cstm` (`id_c`, `jjwg_maps_lng_c`, `jjwg_maps_lat_c`, `jjwg_maps_geocode_status_c`, `jjwg_maps_address_c`, `stic_presentation_date_c`, `stic_amount_received_c`, `stic_resolution_date_c`, `stic_advance_date_c`, `stic_justification_date_c`, `stic_amount_awarded_c`, `stic_target_c`, `stic_documentation_to_deliver_c`, `stic_payment_date_c`, `stic_status_c`, `stic_type_c`) VALUES ('3e910454-cab1-1c74-7e69-62a20d4c1cef',0.00000000,0.00000000,'','','2022-02-09',NULL,NULL,NULL,NULL,25000.00,'project','^^',NULL,'requested_changes','grant'),('96d57bfa-ea1a-aae0-333f-62a20dec664b',0.00000000,0.00000000,'','','2021-12-10',NULL,'2022-02-12',NULL,NULL,115000.00,'project','^^',NULL,'granted','agreement_administration');
REPLACE INTO `project` (`id`, `date_entered`, `date_modified`, `assigned_user_id`, `modified_user_id`, `created_by`, `name`, `description`, `deleted`, `estimated_start_date`, `estimated_end_date`, `status`, `priority`, `override_business_hours`) VALUES ('b6a4ff5c-2e49-5fb9-a258-62a20ab7eff6','2022-06-09 14:57:55','2022-06-09 14:57:55','9','9','9','Libros sin olvido','',0,'2021-12-01','2022-08-31','active','high',0),('de60707a-adbf-c2f4-6f5c-62a20a435db3','2022-06-09 14:57:08','2022-06-09 14:57:08','9','9','9','Mascarillas solidarias','',0,'2020-03-15','2021-12-31','closed','high',0),('628eddc3-4308-c649-a389-62a2097d517f','2022-06-09 14:55:21','2022-06-09 14:55:21','9','9','9','Acceso a la vivienda digna','',0,'2000-01-01',NULL,'active','high',0),('304778dc-b17b-4bc3-6190-62a209a952fb','2022-06-09 14:54:36','2022-06-09 14:54:36','9','9','9','Promoción de la lectura','',0,'2022-06-01','2023-05-31','active','high',0),('ec1e4b88-9a2b-c234-e8e0-62a215e91f9a','2022-06-09 15:44:48','2022-06-09 15:44:48','9','9','9','Orientación laboral','',0,'2022-01-01','2023-12-31','active','high',0);
REPLACE INTO `project_cstm` (`id_c`, `jjwg_maps_lng_c`, `jjwg_maps_lat_c`, `jjwg_maps_geocode_status_c`, `jjwg_maps_address_c`, `stic_location_c`) VALUES ('ec1e4b88-9a2b-c234-e8e0-62a215e91f9a',0.00000000,0.00000000,NULL,NULL,'^^'),('b6a4ff5c-2e49-5fb9-a258-62a20ab7eff6',0.00000000,0.00000000,NULL,NULL,'^^'),('de60707a-adbf-c2f4-6f5c-62a20a435db3',0.00000000,0.00000000,NULL,NULL,'^^'),('628eddc3-4308-c649-a389-62a2097d517f',0.00000000,0.00000000,NULL,NULL,'^^'),('304778dc-b17b-4bc3-6190-62a209a952fb',0.00000000,0.00000000,NULL,NULL,'^^');
REPLACE INTO `stic_accounts_relationships` (`id`, `name`, `date_entered`, `date_modified`, `modified_user_id`, `created_by`, `description`, `deleted`, `assigned_user_id`, `start_date`, `end_date`, `relationship_type`, `role`, `end_reason`, `other_end_reasons`, `active`) VALUES ('148d1595-00dd-6df7-177e-62a2044df1be','Asociación de lectoras de Huelva - Socio','2022-06-09 14:31:02','2022-09-01 07:56:34','9','9',NULL,0,'9','2022-06-09',NULL,'member',NULL,NULL,NULL,1),('31f301db-a83b-680c-874b-62a2050072d2','Papelería El Folio - Proveedor','2022-06-09 14:35:30','2022-09-01 07:56:24','9','9',NULL,0,'9','2022-06-09',NULL,'supplier',NULL,NULL,NULL,1),('7e596bf7-5b3e-5f25-87e4-631065d6e0f8','Concejalía de Vivienda - Financiador','2022-09-01 07:57:32','2022-09-01 07:57:32','9','9','',0,'9','2022-07-01',NULL,'funder','','','',1),('95959c67-709e-b94e-cb24-62a20434a2f9','Coordinadora de Asociaciones de Lectura - Socio','2022-06-09 14:31:35','2022-09-01 07:56:24','9','9',NULL,0,'9','2022-06-09',NULL,'member',NULL,NULL,NULL,1);
REPLACE INTO `stic_accounts_relationships_accounts_c` (`id`, `date_modified`, `deleted`, `stic_accounts_relationships_accountsaccounts_ida`, `stic_accoub36donships_idb`) VALUES ('1a6f3f4b-6767-3670-c0c7-62a2042fe85b','2022-06-09 14:31:02',0,'c6210139-0fa2-cd22-2d6c-629a164c9a3f','148d1595-00dd-6df7-177e-62a2044df1be'),('49b70fa3-20ad-4de6-8100-62a205170e4a','2022-06-09 14:35:30',0,'91f97776-4b84-8225-ec97-629a16bb2482','31f301db-a83b-680c-874b-62a2050072d2'),('7ffe7c8d-b10c-c5f5-9989-631065a26e7a','2022-09-01 07:57:32',0,'4aa29459-ec69-f028-29bc-62a20d6355f9','7e596bf7-5b3e-5f25-87e4-631065d6e0f8'),('96fdc788-0c35-a91a-d4f4-62a204ee2c09','2022-06-09 14:31:35',0,'af067076-a0c4-b118-1be1-629a16c717bf','95959c67-709e-b94e-cb24-62a20434a2f9');
REPLACE INTO `stic_accounts_relationships_project_c` (`id`, `date_modified`, `deleted`, `stic_accounts_relationships_projectproject_ida`, `stic_accou2675onships_idb`) VALUES ('37d43192-db9e-2d69-726d-63106530f6be','2022-09-01 07:56:24',0,'b6a4ff5c-2e49-5fb9-a258-62a20ab7eff6','31f301db-a83b-680c-874b-62a2050072d2'),('42cf95ff-7995-90fc-8d23-631065c66ab8','2022-09-01 07:56:24',0,'b6a4ff5c-2e49-5fb9-a258-62a20ab7eff6','95959c67-709e-b94e-cb24-62a20434a2f9'),('868a1075-3b1e-386e-80ed-63106569800e','2022-09-01 07:57:32',0,'628eddc3-4308-c649-a389-62a2097d517f','7e596bf7-5b3e-5f25-87e4-631065d6e0f8'),('b30d21bb-8793-ecc4-655a-631065d6ea9d','2022-09-01 07:56:34',0,'ec1e4b88-9a2b-c234-e8e0-62a215e91f9a','148d1595-00dd-6df7-177e-62a2044df1be');
REPLACE INTO `stic_assessments` (`id`, `name`, `date_entered`, `date_modified`, `modified_user_id`, `created_by`, `description`, `deleted`, `assigned_user_id`, `areas`, `assessment_date`, `moment`, `scope`, `conclusions`, `recommendations`, `status`, `account_id_c`, `derivation`, `next_date`) VALUES ('41be78f7-bc8c-50f8-8bad-62a21ad15087','Susana Vázquez López - Inicial/Ingreso - 26/05/2022','2022-06-09 16:04:41','2022-06-09 16:04:41','9','9','',0,'9','','2022-05-26','initial','complete','Incorporar a programa formativo','','completed','','','2022-11-01'),('560d670d-d4c7-63dd-67b0-62a219914e10','Leo Sans - Inicial/Ingreso - 01/06/2022','2022-06-09 16:00:25','2022-06-09 16:01:01','9','9',NULL,0,'9','^^','2022-06-01','initial','complete','Derivar a programa Orientación laboral','^^','completed','',NULL,NULL),('91c10744-f7dc-2099-fec4-62a21d8d37f0','Leo Sans - Seguimiento - 30/06/2022','2022-06-09 16:20:46','2022-06-09 16:20:46','9','9','',0,'9','','2022-06-30','followup','complete','Cumple objetivos según previsión','','completed','','',NULL),('e089245a-ccdb-b13e-6a7a-63060b8d75c2','Edu Velázquez - Inicial/Ingreso - 01/08/2022','2022-08-24 11:29:21','2022-08-24 11:29:21','2','9','',0,'9','','2022-08-01','initial','complete','','','progress','','',NULL);
REPLACE INTO `stic_assessments_contacts_c` (`id`, `date_modified`, `deleted`, `stic_assessments_contactscontacts_ida`, `stic_assessments_contactsstic_assessments_idb`) VALUES ('4428955b-2edc-2afc-f743-62a21a28f190','2022-06-09 16:04:41',0,'50fcf1d5-3c66-c3fa-12a0-62a215ccff26','41be78f7-bc8c-50f8-8bad-62a21ad15087'),('63c3cf30-7f17-00b6-74d8-62a21918b390','2022-06-09 16:00:25',0,'e3c9d0cc-6210-9f62-e8c2-62a216d2ca26','560d670d-d4c7-63dd-67b0-62a219914e10'),('b15e06d9-a58b-266b-86b2-62a21def24de','2022-06-09 16:20:46',0,'e3c9d0cc-6210-9f62-e8c2-62a216d2ca26','91c10744-f7dc-2099-fec4-62a21d8d37f0'),('e3265faf-fd97-9bfe-de99-63060be1768c','2022-08-24 11:29:21',0,'d92c4188-332c-4e3b-5bfd-629a16e9e934','e089245a-ccdb-b13e-6a7a-63060b8d75c2');
REPLACE INTO `stic_attendances` (`id`, `name`, `date_entered`, `date_modified`, `modified_user_id`, `created_by`, `description`, `deleted`, `assigned_user_id`, `start_date`, `duration`, `status`, `payment_exception`, `amount`) VALUES ('121faa1f-0262-b3a9-3132-63106ca0eca0','Maite Novoa Marcos - Sesiones grupales de arteterapia | 26/08/2022 09:00h','2022-09-01 08:27:32','2022-09-01 08:27:32','9','9',NULL,0,'9','2022-08-26 07:00:00',1.00,NULL,NULL,NULL),('152adc80-05e7-199c-a4c9-63106dcaa3e3','Edu Velázquez - Sesiones grupales de arteterapia | 10/08/2022 09:00h','2022-09-01 08:28:23','2022-09-01 08:28:23','9','9',NULL,0,'9','2022-08-10 07:00:00',1.00,NULL,NULL,NULL),('1a1a78b0-0d29-fb2d-95bc-63106cc32679','Maite Novoa Marcos - Sesiones grupales de arteterapia | 28/08/2022 09:00h','2022-09-01 08:27:32','2022-09-01 08:27:32','9','9',NULL,0,'9','2022-08-28 07:00:00',1.00,NULL,NULL,NULL),('1db3a795-22cf-aed8-3709-63106d19d0a8','Edu Velázquez - Sesiones grupales de arteterapia | 12/08/2022 09:00h','2022-09-01 08:28:23','2022-09-01 08:28:23','9','9',NULL,0,'9','2022-08-12 07:00:00',1.00,NULL,NULL,NULL),('2193a4fb-2eba-1583-7da2-63106c9dd528','Maite Novoa Marcos - Sesiones grupales de arteterapia | 30/08/2022 09:00h','2022-09-01 08:27:32','2022-09-01 08:27:32','9','9',NULL,0,'9','2022-08-30 07:00:00',1.00,NULL,NULL,NULL),('2735d0f7-ec4e-98b2-9cf6-63106dcd9264','Edu Velázquez - Sesiones grupales de arteterapia | 14/08/2022 09:00h','2022-09-01 08:28:23','2022-09-01 08:28:23','9','9',NULL,0,'9','2022-08-14 07:00:00',1.00,NULL,NULL,NULL),('29fc0e94-7eaa-21a2-d4b5-63106c806c60','Maite Novoa Marcos - Sesiones grupales de arteterapia | 22/08/2022 09:00h','2022-09-01 08:27:32','2022-09-01 08:27:32','9','9',NULL,0,'9','2022-08-22 07:00:00',1.00,NULL,NULL,NULL),('2ab083a2-e1da-b9f7-31ab-63106ceaada8','Maite Novoa Marcos - Sesiones grupales de arteterapia | 01/09/2022 09:00h','2022-09-01 08:27:32','2022-09-01 08:27:32','9','9',NULL,0,'9','2022-09-01 07:00:00',1.00,NULL,NULL,NULL),('2ec64c60-e32c-0363-3730-63106d97fcce','Edu Velázquez - Sesiones grupales de arteterapia | 16/08/2022 09:00h','2022-09-01 08:28:23','2022-09-01 08:28:23','9','9',NULL,0,'9','2022-08-16 07:00:00',1.00,NULL,NULL,NULL),('3243784a-dd9e-6e2f-0bfd-62ddc201b7ef','Leo Sans - Taller de creación de comics | 25/07/2022 17:00h','2022-07-24 22:07:01','2022-07-24 22:07:01','1','9',NULL,0,'9','2022-07-25 15:00:00',2.00,NULL,NULL,NULL),('3681784f-ec3a-5eb3-0882-63106d3db9f0','Edu Velázquez - Sesiones grupales de arteterapia | 18/08/2022 09:00h','2022-09-01 08:28:23','2022-09-01 08:28:23','9','9',NULL,0,'9','2022-08-18 07:00:00',1.00,NULL,NULL,NULL),('3fe7ae28-6b3b-b682-21bf-63106d4ac85c','Edu Velázquez - Sesiones grupales de arteterapia | 20/08/2022 09:00h','2022-09-01 08:28:23','2022-09-01 08:28:23','9','9',NULL,0,'9','2022-08-20 07:00:00',1.00,NULL,NULL,NULL),('426d5e4e-57d0-cfc5-c3cd-63152139bf07','Susana Vázquez López - Sesiones grupales de arteterapia | 05/09/2022 09:00h','2022-09-04 22:07:01','2022-09-04 22:07:01','1','9',NULL,0,'9','2022-09-05 07:00:00',1.00,NULL,NULL,NULL),('457b0fa3-3a00-712a-e6d3-62b500f49f92','Ángel Armengol Goicoechea - Formación online para mediadores vecinales | 24/06/2022 09:00h','2022-06-24 00:07:01','2022-06-24 00:07:01','1','9',NULL,0,'9','2022-06-24 09:00:00',1.50,NULL,NULL,NULL),('48b6f4ab-5d56-4108-d1c2-62cb4dc10a82','Leo Sans - Taller de creación de comics | 11/07/2022 17:00h','2022-07-10 22:07:01','2022-07-10 22:07:01','1','9',NULL,0,'9','2022-07-11 15:00:00',2.00,NULL,NULL,NULL),('4931349e-b2fa-136d-e0b3-63106da5d09a','Edu Velázquez - Sesiones grupales de arteterapia | 22/08/2022 09:00h','2022-09-01 08:28:23','2022-09-01 08:28:23','9','9',NULL,0,'9','2022-08-22 07:00:00',1.00,NULL,NULL,NULL),('49f2ef64-3597-a3d0-05d4-63106cccd7c6','Susana Vázquez López - Sesiones grupales de arteterapia | 08/08/2022 09:00h','2022-09-01 08:27:06','2022-09-01 08:27:06','9','9',NULL,0,'9','2022-08-08 07:00:00',1.00,NULL,NULL,NULL),('50b535fb-0279-f917-d881-63106daaf388','Edu Velázquez - Sesiones grupales de arteterapia | 24/08/2022 09:00h','2022-09-01 08:28:23','2022-09-01 08:28:23','9','9',NULL,0,'9','2022-08-24 07:00:00',1.00,NULL,NULL,NULL),('558a46b2-c579-b82b-300d-62ddc2c6493e','Edu Velázquez - Taller de creación de comics | 25/07/2022 17:00h','2022-07-24 22:07:01','2022-07-24 22:07:01','1','9',NULL,0,'9','2022-07-25 15:00:00',2.00,NULL,NULL,NULL),('55fa4e11-433d-6907-9896-63106cb3ecb5','Susana Vázquez López - Sesiones grupales de arteterapia | 10/08/2022 09:00h','2022-09-01 08:27:06','2022-09-01 08:27:06','9','9',NULL,0,'9','2022-08-10 07:00:00',1.00,NULL,NULL,NULL),('589cea37-9680-06b1-e6bf-63106d6755e1','Edu Velázquez - Sesiones grupales de arteterapia | 26/08/2022 09:00h','2022-09-01 08:28:23','2022-09-01 08:28:23','9','9',NULL,0,'9','2022-08-26 07:00:00',1.00,NULL,NULL,NULL),('5bf400fc-18cb-a5b3-60df-62b17c79ac21','Leo Sans - Taller de creación de comics | 15/06/2022 17:00h','2022-06-21 08:07:50','2022-06-21 10:49:26','9','9',NULL,0,'9','2022-06-15 15:00:00',2.00,'yes',NULL,NULL),('5cf5a7e3-7ee7-eef3-e939-63106c99bee5','Susana Vázquez López - Sesiones grupales de arteterapia | 12/08/2022 09:00h','2022-09-01 08:27:06','2022-09-01 08:27:06','9','9',NULL,0,'9','2022-08-12 07:00:00',1.00,NULL,NULL,NULL),('5d7f201d-3997-f9a7-2f89-62c4b67dbcd3','Leo Sans - Taller de creación de comics | 06/07/2022 17:00h','2022-07-05 22:07:02','2022-07-05 22:07:02','1','9',NULL,0,'9','2022-07-06 15:00:00',2.00,NULL,NULL,NULL),('5dd052ac-39a9-fc86-9500-62b50032039d','Zacarías Cisneros Balaguer - Formación online para mediadores vecinales | 24/06/2022 09:00h','2022-06-24 00:07:01','2022-06-24 00:07:01','1','9',NULL,0,'9','2022-06-24 09:00:00',1.50,NULL,NULL,NULL),('60612fc8-767a-aa2f-1c44-63106d1c2758','Edu Velázquez - Sesiones grupales de arteterapia | 28/08/2022 09:00h','2022-09-01 08:28:23','2022-09-01 08:28:23','9','9',NULL,0,'9','2022-08-28 07:00:00',1.00,NULL,NULL,NULL),('64390fb7-4b93-cad5-2f07-62b17cc9f7a2','Edu Velázquez - Taller de creación de comics | 15/06/2022 17:00h','2022-06-21 08:09:12','2022-06-21 10:48:58','9','9',NULL,0,'9','2022-06-15 15:00:00',2.00,'yes',NULL,NULL),('65b9917d-5d5a-b8cf-7471-63106cd8b50d','Susana Vázquez López - Sesiones grupales de arteterapia | 14/08/2022 09:00h','2022-09-01 08:27:06','2022-09-01 08:27:06','9','9',NULL,0,'9','2022-08-14 07:00:00',1.00,NULL,NULL,NULL),('6806ac54-cf55-6b42-1164-63106d3886b8','Edu Velázquez - Sesiones grupales de arteterapia | 30/08/2022 09:00h','2022-09-01 08:28:23','2022-09-01 08:28:23','9','9',NULL,0,'9','2022-08-30 07:00:00',1.00,NULL,NULL,NULL),('6a2f026b-65bb-b6d1-9d17-62cb4da953a7','Edu Velázquez - Taller de creación de comics | 11/07/2022 17:00h','2022-07-10 22:07:01','2022-07-10 22:07:01','1','9',NULL,0,'9','2022-07-11 15:00:00',2.00,NULL,NULL,NULL),('6c6ff2a9-432b-a6ce-9f34-62b17c71e76f','Leo Sans - Taller de creación de comics | 04/04/2022 17:00h','2022-06-21 08:07:50','2022-06-21 10:49:26','9','9',NULL,0,'9','2022-04-04 15:00:00',2.00,'yes',NULL,NULL),('6dcde3ab-9659-e5b8-b12e-62b186dd5d77','Ángel Armengol Goicoechea - Formación online para mediadores vecinales | 01/06/2022 11:00h','2022-06-21 08:53:17','2022-06-21 10:48:58','9','9',NULL,0,'9','2022-06-01 09:00:00',1.50,'yes',NULL,NULL),('6e940cca-c267-7c76-33b5-63106cd27a10','Susana Vázquez López - Sesiones grupales de arteterapia | 16/08/2022 09:00h','2022-09-01 08:27:06','2022-09-01 08:27:06','9','9',NULL,0,'9','2022-08-16 07:00:00',1.00,NULL,NULL,NULL),('6fd43bbe-5e16-1b19-808a-63106d45b3fb','Edu Velázquez - Sesiones grupales de arteterapia | 01/09/2022 09:00h','2022-09-01 08:28:23','2022-09-01 08:28:23','9','9',NULL,0,'9','2022-09-01 07:00:00',1.00,NULL,NULL,NULL),('74be55f2-7532-f66a-679b-62b186de0d11','Ángel Armengol Goicoechea - Formación online para mediadores vecinales | 03/06/2022 11:00h','2022-06-21 08:53:17','2022-06-21 10:48:58','9','9',NULL,0,'9','2022-06-03 09:00:00',1.50,'yes',NULL,NULL),('757f52e1-9ebe-2c62-7ee4-63106c51b273','Susana Vázquez López - Sesiones grupales de arteterapia | 18/08/2022 09:00h','2022-09-01 08:27:06','2022-09-01 08:27:06','9','9',NULL,0,'9','2022-08-18 07:00:00',1.00,NULL,NULL,NULL),('75cabdb2-58a5-a369-51b1-62b17cfec827','Leo Sans - Taller de creación de comics | 06/04/2022 17:00h','2022-06-21 08:07:50','2022-06-21 10:50:10','9','9',NULL,0,'9','2022-04-06 15:00:00',2.00,'no_justified',NULL,NULL),('7c86fb4f-d4ee-3854-c458-63106c241b39','Susana Vázquez López - Sesiones grupales de arteterapia | 20/08/2022 09:00h','2022-09-01 08:27:06','2022-09-01 08:27:06','9','9',NULL,0,'9','2022-08-20 07:00:00',1.00,NULL,NULL,NULL),('7d662d80-9448-615b-5b2e-62b1862134c0','Ángel Armengol Goicoechea - Formación online para mediadores vecinales | 06/06/2022 11:00h','2022-06-21 08:53:17','2022-06-21 10:48:58','9','9',NULL,0,'9','2022-06-06 09:00:00',1.50,'yes',NULL,NULL),('7e237292-e4a5-19f4-ea74-62b17c680eb2','Leo Sans - Taller de creación de comics | 11/04/2022 17:00h','2022-06-21 08:07:50','2022-06-21 10:49:26','9','9',NULL,0,'9','2022-04-11 15:00:00',2.00,'yes',NULL,NULL),('822a6505-f992-10c3-d3e2-62d72b727798','Leo Sans - Taller de creación de comics | 20/07/2022 17:00h','2022-07-19 22:07:01','2022-07-19 22:07:01','1','9',NULL,0,'9','2022-07-20 15:00:00',2.00,NULL,NULL,NULL),('823a3b35-b63b-26b9-38f0-62b25db043f4','Leo Sans - Taller de creación de comics | 22/06/2022 15:00h','2022-06-22 00:07:02','2022-06-22 00:07:02','1','9',NULL,0,'9','2022-06-22 15:00:00',2.00,NULL,NULL,NULL),('82d6f86e-cf92-dd19-0533-62c2139b5f31','Leo Sans - Taller de creación de comics | 04/07/2022 17:00h','2022-07-03 22:07:01','2022-07-03 22:07:01','1','9',NULL,0,'9','2022-07-04 15:00:00',2.00,NULL,NULL,NULL),('82f92b62-56a5-fbd7-cea5-62b186d7e15b','Ángel Armengol Goicoechea - Formación online para mediadores vecinales | 08/06/2022 11:00h','2022-06-21 08:53:17','2022-06-21 10:48:58','9','9',NULL,0,'9','2022-06-08 09:00:00',1.50,'yes',NULL,NULL),('84af03ad-bd08-acd2-47b5-62b17cb81cc2','Leo Sans - Taller de creación de comics | 13/04/2022 17:00h','2022-06-21 08:07:50','2022-06-21 10:49:26','9','9',NULL,0,'9','2022-04-13 15:00:00',2.00,'yes',NULL,NULL),('852db87f-795d-ca67-637e-63106ccc8a83','Susana Vázquez López - Sesiones grupales de arteterapia | 22/08/2022 09:00h','2022-09-01 08:27:06','2022-09-01 08:27:06','9','9',NULL,0,'9','2022-08-22 07:00:00',1.00,NULL,NULL,NULL),('855b2180-b807-915d-e5ee-6315219f9b16','Maite Novoa Marcos - Sesiones grupales de arteterapia | 05/09/2022 09:00h','2022-09-04 22:07:01','2022-09-04 22:07:01','1','9',NULL,0,'9','2022-09-05 07:00:00',1.00,NULL,NULL,NULL),('858b7831-7c2e-5736-c73d-6317c4b5c689','Susana Vázquez López - Sesiones grupales de arteterapia | 07/09/2022 09:00h','2022-09-06 22:07:02','2022-09-06 22:07:02','1','9',NULL,0,'9','2022-09-07 07:00:00',1.00,NULL,NULL,NULL),('873870cb-feb6-58eb-df8b-62b18603e16d','Ángel Armengol Goicoechea - Formación online para mediadores vecinales | 10/06/2022 11:00h','2022-06-21 08:53:17','2022-06-21 10:48:58','9','9',NULL,0,'9','2022-06-10 09:00:00',1.50,'yes',NULL,NULL),('89ba2b2f-8155-32ef-d11f-62c4b699c15b','Edu Velázquez - Taller de creación de comics | 06/07/2022 17:00h','2022-07-05 22:07:02','2022-07-05 22:07:02','1','9',NULL,0,'9','2022-07-06 15:00:00',2.00,NULL,NULL,NULL),('8bb2f8d4-9f2c-90f7-07ce-62b17c0769e1','Leo Sans - Taller de creación de comics | 18/04/2022 17:00h','2022-06-21 08:07:50','2022-06-21 10:49:26','9','9',NULL,0,'9','2022-04-18 15:00:00',2.00,'yes',NULL,NULL),('8bccfbfd-7719-ee1e-48f1-62b1866de65c','Ángel Armengol Goicoechea - Formación online para mediadores vecinales | 13/06/2022 11:00h','2022-06-21 08:53:17','2022-06-21 10:48:58','9','9',NULL,0,'9','2022-06-13 09:00:00',1.50,'yes',NULL,NULL),('8c918e36-87d7-f261-1173-63106c8e6da6','Susana Vázquez López - Sesiones grupales de arteterapia | 24/08/2022 09:00h','2022-09-01 08:27:06','2022-09-01 08:27:06','9','9',NULL,0,'9','2022-08-24 07:00:00',1.00,NULL,NULL,NULL),('8d8ba12c-e72c-870a-7842-6315217712d5','Edu Velázquez - Sesiones grupales de arteterapia | 05/09/2022 09:00h','2022-09-04 22:07:01','2022-09-04 22:07:01','1','9',NULL,0,'9','2022-09-05 07:00:00',1.00,NULL,NULL,NULL),('8e7d9527-561f-77b4-efce-62b25d983af4','Ángel Armengol Goicoechea - Formación online para mediadores vecinales | 22/06/2022 09:00h','2022-06-22 00:07:02','2022-06-22 00:07:02','1','9',NULL,0,'9','2022-06-22 09:00:00',1.50,NULL,NULL,NULL),('8faf09d6-f8d7-fe4a-9b9b-63106d893382','Edu Velázquez - Sesiones grupales de arteterapia | 08/08/2022 09:00h','2022-09-01 08:28:23','2022-09-01 08:28:23','9','9',NULL,0,'9','2022-08-08 07:00:00',1.00,NULL,NULL,NULL),('916e592d-2717-7526-6b5c-62b17cfa19e2','Leo Sans - Taller de creación de comics | 20/04/2022 17:00h','2022-06-21 08:07:50','2022-06-21 10:50:32','9','9',NULL,0,'9','2022-04-20 15:00:00',2.00,'partial',NULL,NULL),('918aaf63-fc4c-f4f2-0414-62b8f46cabbb','Leo Sans - Taller de creación de comics | 27/06/2022 15:00h','2022-06-27 00:07:01','2022-06-27 00:07:01','1','9',NULL,0,'9','2022-06-27 15:00:00',2.00,NULL,NULL,NULL),('93397352-9cb1-33ed-b5a4-62b18655a95c','Ángel Armengol Goicoechea - Formación online para mediadores vecinales | 15/06/2022 11:00h','2022-06-21 08:53:17','2022-06-21 10:48:58','9','9',NULL,0,'9','2022-06-15 09:00:00',1.50,'yes',NULL,NULL),('93a5152d-d384-88d9-fe1d-63106c9980ef','Susana Vázquez López - Sesiones grupales de arteterapia | 26/08/2022 09:00h','2022-09-01 08:27:06','2022-09-01 08:27:06','9','9',NULL,0,'9','2022-08-26 07:00:00',1.00,NULL,NULL,NULL),('969564f5-af18-fc51-cbb8-62b25df11c55','Edu Velázquez - Taller de creación de comics | 22/06/2022 15:00h','2022-06-22 00:07:02','2022-06-22 00:07:02','1','9',NULL,0,'9','2022-06-22 15:00:00',2.00,NULL,NULL,NULL),('982a5396-a1bb-e743-0636-62b17c911134','Leo Sans - Taller de creación de comics | 25/04/2022 17:00h','2022-06-21 08:07:50','2022-06-21 10:50:10','9','9',NULL,0,'9','2022-04-25 15:00:00',2.00,'no_justified',NULL,NULL),('98400780-d5cb-2ab6-9b87-62b17ca7b0e9','Edu Velázquez - Taller de creación de comics | 13/06/2022 17:00h','2022-06-21 08:09:12','2022-06-21 10:48:58','9','9',NULL,0,'9','2022-06-13 15:00:00',2.00,'yes',NULL,NULL),('98960b1e-da24-64e8-d810-62b18631d26b','Ángel Armengol Goicoechea - Formación online para mediadores vecinales | 17/06/2022 11:00h','2022-06-21 08:53:17','2022-06-21 10:48:58','9','9',NULL,0,'9','2022-06-17 09:00:00',1.50,'yes',NULL,NULL),('99000ede-38ab-71de-850b-62b17c062993','Leo Sans - Taller de creación de comics | 13/06/2022 17:00h','2022-06-21 08:07:50','2022-06-21 10:49:26','9','9',NULL,0,'9','2022-06-13 15:00:00',2.00,'yes',NULL,NULL),('9a9037ac-0500-6de4-9459-63106c601fa6','Susana Vázquez López - Sesiones grupales de arteterapia | 28/08/2022 09:00h','2022-09-01 08:27:06','2022-09-01 08:27:06','9','9',NULL,0,'9','2022-08-28 07:00:00',1.00,NULL,NULL,NULL),('9d2be2cf-c304-d3db-7c68-62b25d7f03bb','Zacarías Cisneros Balaguer - Formación online para mediadores vecinales | 22/06/2022 09:00h','2022-06-22 00:07:02','2022-06-22 00:07:02','1','9',NULL,0,'9','2022-06-22 09:00:00',1.50,NULL,NULL,NULL),('9e3459d9-24eb-bcbb-adc5-62b186c13d24','Ángel Armengol Goicoechea - Formación online para mediadores vecinales | 20/06/2022 11:00h','2022-06-21 08:53:17','2022-06-21 10:48:58','9','9',NULL,0,'9','2022-06-20 09:00:00',1.50,'yes',NULL,NULL),('9f827d71-cce8-3aee-3c04-62b17c35b20c','Leo Sans - Taller de creación de comics | 27/04/2022 17:00h','2022-06-21 08:07:50','2022-06-21 10:50:32','9','9',NULL,0,'9','2022-04-27 15:00:00',2.00,'partial',NULL,NULL),('a110f2b1-a3c6-e766-8515-63106cbaf588','Susana Vázquez López - Sesiones grupales de arteterapia | 30/08/2022 09:00h','2022-09-01 08:27:06','2022-09-01 08:27:06','9','9',NULL,0,'9','2022-08-30 07:00:00',1.00,NULL,NULL,NULL),('a280b6d0-8544-2074-7f50-62d72b806c6e','Edu Velázquez - Taller de creación de comics | 20/07/2022 17:00h','2022-07-19 22:07:01','2022-07-19 22:07:01','1','9',NULL,0,'9','2022-07-20 15:00:00',2.00,NULL,NULL,NULL),('a5be4878-5d5e-14cb-875d-62b17cca4bbf','Leo Sans - Taller de creación de comics | 02/05/2022 17:00h','2022-06-21 08:07:50','2022-06-21 10:49:26','9','9',NULL,0,'9','2022-05-02 15:00:00',2.00,'yes',NULL,NULL),('a5eb6feb-a218-cb83-01c7-62c213d99dbd','Edu Velázquez - Taller de creación de comics | 04/07/2022 17:00h','2022-07-03 22:07:01','2022-07-03 22:07:01','1','9',NULL,0,'9','2022-07-04 15:00:00',2.00,NULL,NULL,NULL),('a60c0073-4c9c-60e3-bb8c-63106c6c941f','Maite Novoa Marcos - Sesiones grupales de arteterapia | 24/08/2022 09:00h','2022-09-01 08:27:32','2022-09-01 08:27:32','9','9',NULL,0,'9','2022-08-24 07:00:00',1.00,NULL,NULL,NULL),('a77c2071-660d-e9dc-3617-63106ce7e244','Susana Vázquez López - Sesiones grupales de arteterapia | 01/09/2022 09:00h','2022-09-01 08:27:06','2022-09-01 08:27:06','9','9',NULL,0,'9','2022-09-01 07:00:00',1.00,NULL,NULL,NULL),('a813573e-d882-6db9-4d93-62d488c8d648','Leo Sans - Taller de creación de comics | 18/07/2022 17:00h','2022-07-17 22:07:01','2022-07-17 22:07:01','1','9',NULL,0,'9','2022-07-18 15:00:00',2.00,NULL,NULL,NULL),('a8e62f59-1655-b3ae-6cd0-62b17c7d8099','Edu Velázquez - Taller de creación de comics | 02/05/2022 17:00h','2022-06-21 08:09:12','2022-06-21 10:48:58','9','9',NULL,0,'9','2022-05-02 15:00:00',2.00,'yes',NULL,NULL),('a90d2f49-91fe-54d7-0fec-6317c4338eb5','Maite Novoa Marcos - Sesiones grupales de arteterapia | 07/09/2022 09:00h','2022-09-06 22:07:02','2022-09-06 22:07:02','1','9',NULL,0,'9','2022-09-07 07:00:00',1.00,NULL,NULL,NULL),('aae7e0b9-44b2-ab18-2635-62b8f4f8faa9','Ángel Armengol Goicoechea - Formación online para mediadores vecinales | 27/06/2022 09:00h','2022-06-27 00:07:01','2022-06-27 00:07:01','1','9',NULL,0,'9','2022-06-27 09:00:00',1.50,NULL,NULL,NULL),('abef8f45-2868-2737-6a17-62b17c23484a','Leo Sans - Taller de creación de comics | 04/05/2022 17:00h','2022-06-21 08:07:50','2022-06-21 10:50:32','9','9',NULL,0,'9','2022-05-04 15:00:00',2.00,'partial',NULL,NULL),('afa47ebb-ddf7-a1f4-d13d-62b187a47310','Zacarías Cisneros Balaguer - Formación online para mediadores vecinales | 01/06/2022 11:00h','2022-06-21 08:53:58','2022-06-21 10:50:32','9','9',NULL,0,'9','2022-06-01 09:00:00',1.50,'partial',NULL,NULL),('b03fc423-18fb-b9ce-1e7e-62b17c0da2fc','Edu Velázquez - Taller de creación de comics | 04/05/2022 17:00h','2022-06-21 08:09:12','2022-06-21 10:48:58','9','9',NULL,0,'9','2022-05-04 15:00:00',2.00,'yes',NULL,NULL),('b14ea651-d288-636c-ec94-62b8f4ca0e23','Edu Velázquez - Taller de creación de comics | 27/06/2022 15:00h','2022-06-27 00:07:01','2022-06-27 00:07:01','1','9',NULL,0,'9','2022-06-27 15:00:00',2.00,NULL,NULL,NULL),('b212bd3f-3e3d-5956-5a82-6317c4db0838','Edu Velázquez - Sesiones grupales de arteterapia | 07/09/2022 09:00h','2022-09-06 22:07:02','2022-09-06 22:07:02','1','9',NULL,0,'9','2022-09-07 07:00:00',1.00,NULL,NULL,NULL),('b44c3211-7f33-e1f6-8858-62b17c9fdab4','Leo Sans - Taller de creación de comics | 09/05/2022 17:00h','2022-06-21 08:07:50','2022-06-21 10:49:26','9','9',NULL,0,'9','2022-05-09 15:00:00',2.00,'yes',NULL,NULL),('b63470ee-8a3f-607e-5ef9-62b187bf82f8','Zacarías Cisneros Balaguer - Formación online para mediadores vecinales | 03/06/2022 11:00h','2022-06-21 08:53:58','2022-06-21 10:50:10','9','9',NULL,0,'9','2022-06-03 09:00:00',1.50,'no_justified',NULL,NULL),('b67db0ab-af82-ebe8-ef1f-62b8f437dca5','Zacarías Cisneros Balaguer - Formación online para mediadores vecinales | 27/06/2022 09:00h','2022-06-27 00:07:01','2022-06-27 00:07:01','1','9',NULL,0,'9','2022-06-27 09:00:00',1.50,NULL,NULL,NULL),('b6f633d9-a5de-a7f2-655e-62b17cf68797','Edu Velázquez - Taller de creación de comics | 09/05/2022 17:00h','2022-06-21 08:09:12','2022-06-21 10:48:58','9','9',NULL,0,'9','2022-05-09 15:00:00',2.00,'yes',NULL,NULL),('b7ad01f5-53fd-652a-bb12-62bb97ff9199','Leo Sans - Taller de creación de comics | 29/06/2022 15:00h','2022-06-29 00:07:01','2022-06-29 00:07:01','1','9',NULL,0,'9','2022-06-29 15:00:00',2.00,NULL,NULL,NULL),('b7c01105-09ff-f2f9-ffc6-63106cf76f6a','Maite Novoa Marcos - Sesiones grupales de arteterapia | 08/08/2022 09:00h','2022-09-01 08:27:32','2022-09-01 08:27:32','9','9',NULL,0,'9','2022-08-08 07:00:00',1.00,NULL,NULL,NULL),('b9f411bf-a1d6-c78d-1bac-62b17c1e129b','Leo Sans - Taller de creación de comics | 11/05/2022 17:00h','2022-06-21 08:07:50','2022-06-21 10:49:26','9','9',NULL,0,'9','2022-05-11 15:00:00',2.00,'yes',NULL,NULL),('bbc4db2d-bb3a-a2b8-901c-62b1870d6302','Zacarías Cisneros Balaguer - Formación online para mediadores vecinales | 06/06/2022 11:00h','2022-06-21 08:53:58','2022-06-21 08:53:58','9','9',NULL,0,'9','2022-06-06 09:00:00',1.50,NULL,NULL,NULL),('bc3106a4-ec31-8cb1-dfd6-62b17cb9854f','Leo Sans - Taller de creación de comics | 20/06/2022 17:00h','2022-06-21 08:07:50','2022-06-21 10:50:10','9','9',NULL,0,'9','2022-06-20 15:00:00',2.00,'no_justified',NULL,NULL),('bca66dde-21bd-ca01-2b8d-62b17c6cf4c9','Edu Velázquez - Taller de creación de comics | 11/05/2022 17:00h','2022-06-21 08:09:12','2022-06-21 10:48:58','9','9',NULL,0,'9','2022-05-11 15:00:00',2.00,'yes',NULL,NULL),('c008d645-98b2-5bee-4dae-62b17cedadf7','Leo Sans - Taller de creación de comics | 16/05/2022 17:00h','2022-06-21 08:07:50','2022-06-21 10:49:26','9','9',NULL,0,'9','2022-05-16 15:00:00',2.00,'yes',NULL,NULL),('c0622ae8-ff54-8d4b-a8e2-63127e630298','Susana Vázquez López - Sesiones grupales de arteterapia | 03/09/2022 09:00h','2022-09-02 22:07:01','2022-09-02 22:07:01','1','9',NULL,0,'9','2022-09-03 07:00:00',1.00,NULL,NULL,NULL),('c18f0b25-ca88-43bb-5bf8-62b1872e0207','Zacarías Cisneros Balaguer - Formación online para mediadores vecinales | 08/06/2022 11:00h','2022-06-21 08:53:58','2022-06-21 08:53:58','9','9',NULL,0,'9','2022-06-08 09:00:00',1.50,NULL,NULL,NULL),('c3348c83-2b01-32a3-d3fa-63106c14ce26','Maite Novoa Marcos - Sesiones grupales de arteterapia | 10/08/2022 09:00h','2022-09-01 08:27:32','2022-09-01 08:27:32','9','9',NULL,0,'9','2022-08-10 07:00:00',1.00,NULL,NULL,NULL),('c3900cd5-044a-8579-0ec7-62b17c6df51f','Edu Velázquez - Taller de creación de comics | 20/06/2022 17:00h','2022-06-21 08:09:12','2022-06-21 08:09:12','9','9',NULL,0,'9','2022-06-20 15:00:00',2.00,NULL,NULL,NULL),('c47f43ab-ccea-c314-da78-62b17c082591','Edu Velázquez - Taller de creación de comics | 16/05/2022 17:00h','2022-06-21 08:09:12','2022-06-21 10:48:58','9','9',NULL,0,'9','2022-05-16 15:00:00',2.00,'yes',NULL,NULL),('c54d6d88-072f-2079-2fb9-62b17c340baf','Leo Sans - Taller de creación de comics | 18/05/2022 17:00h','2022-06-21 08:07:50','2022-06-21 10:49:26','9','9',NULL,0,'9','2022-05-18 15:00:00',2.00,'yes',NULL,NULL),('c8d07558-3eee-058e-0647-62b187556d4a','Zacarías Cisneros Balaguer - Formación online para mediadores vecinales | 10/06/2022 11:00h','2022-06-21 08:53:58','2022-06-21 10:50:10','9','9',NULL,0,'9','2022-06-10 09:00:00',1.50,'no_justified',NULL,NULL),('c9fe5c31-ea6b-5044-b597-62b17c381219','Edu Velázquez - Taller de creación de comics | 18/05/2022 17:00h','2022-06-21 08:09:12','2022-06-21 10:48:58','9','9',NULL,0,'9','2022-05-18 15:00:00',2.00,'yes',NULL,NULL),('cabbef48-d808-3502-9bae-63106ce10f49','Maite Novoa Marcos - Sesiones grupales de arteterapia | 12/08/2022 09:00h','2022-09-01 08:27:32','2022-09-01 08:27:32','9','9',NULL,0,'9','2022-08-12 07:00:00',1.00,NULL,NULL,NULL),('cb63a850-033a-72c8-3c56-62b17c5ac406','Leo Sans - Taller de creación de comics | 23/05/2022 17:00h','2022-06-21 08:07:50','2022-06-21 08:07:50','9','9',NULL,0,'9','2022-05-23 15:00:00',2.00,NULL,NULL,NULL),('ce44b2b6-cebf-4c29-272a-62b187a39a57','Zacarías Cisneros Balaguer - Formación online para mediadores vecinales | 13/06/2022 11:00h','2022-06-21 08:53:58','2022-06-21 08:53:58','9','9',NULL,0,'9','2022-06-13 09:00:00',1.50,NULL,NULL,NULL),('d0506634-ffb3-1449-ba76-62e065848193','Leo Sans - Taller de creación de comics | 27/07/2022 17:00h','2022-07-26 22:07:01','2022-07-26 22:07:01','1','9',NULL,0,'9','2022-07-27 15:00:00',2.00,NULL,NULL,NULL),('d07b6d32-b16a-dbcf-3487-62b17c8af92b','Edu Velázquez - Taller de creación de comics | 23/05/2022 17:00h','2022-06-21 08:09:12','2022-06-21 08:09:12','9','9',NULL,0,'9','2022-05-23 15:00:00',2.00,NULL,NULL,NULL),('d15ba529-b0ce-5a52-2906-62cdf05e0857','Leo Sans - Taller de creación de comics | 13/07/2022 17:00h','2022-07-12 22:07:02','2022-07-12 22:07:02','1','9',NULL,0,'9','2022-07-13 15:00:00',2.00,NULL,NULL,NULL),('d2bd3da4-c18c-2ed5-fbc9-62bb9740c311','Ángel Armengol Goicoechea - Formación online para mediadores vecinales | 29/06/2022 09:00h','2022-06-29 00:07:01','2022-06-29 00:07:01','1','9',NULL,0,'9','2022-06-29 09:00:00',1.50,NULL,NULL,NULL),('d39e3854-f37f-e645-84a3-62b1873d2624','Zacarías Cisneros Balaguer - Formación online para mediadores vecinales | 15/06/2022 11:00h','2022-06-21 08:53:58','2022-06-21 08:53:58','9','9',NULL,0,'9','2022-06-15 09:00:00',1.50,NULL,NULL,NULL),('d64ddffc-7ccf-97b1-7401-62b17cc9725e','Leo Sans - Taller de creación de comics | 25/05/2022 17:00h','2022-06-21 08:07:50','2022-06-21 10:50:10','9','9',NULL,0,'9','2022-05-25 15:00:00',2.00,'no_justified',NULL,NULL),('d6ab2487-cd3c-a15b-116e-62b17c4f9fd4','Edu Velázquez - Taller de creación de comics | 25/05/2022 17:00h','2022-06-21 08:09:12','2022-06-21 10:49:26','9','9',NULL,0,'9','2022-05-25 15:00:00',2.00,'yes',NULL,NULL),('d7f92bfa-2f93-462a-5be4-63106cc6a1ae','Maite Novoa Marcos - Sesiones grupales de arteterapia | 14/08/2022 09:00h','2022-09-01 08:27:32','2022-09-01 08:27:32','9','9',NULL,0,'9','2022-08-14 07:00:00',1.00,NULL,NULL,NULL),('d8fa6f5f-a9e3-1552-4da1-62b187f923a3','Zacarías Cisneros Balaguer - Formación online para mediadores vecinales | 17/06/2022 11:00h','2022-06-21 08:53:58','2022-06-21 10:50:10','9','9',NULL,0,'9','2022-06-17 09:00:00',1.50,'no_justified',NULL,NULL),('da6b56d0-5117-905d-2323-62d488a746af','Edu Velázquez - Taller de creación de comics | 18/07/2022 17:00h','2022-07-17 22:07:01','2022-07-17 22:07:01','1','9',NULL,0,'9','2022-07-18 15:00:00',2.00,NULL,NULL,NULL),('db6fc39e-4a9f-001c-59bb-62b17c6b8ddc','Leo Sans - Taller de creación de comics | 30/05/2022 17:00h','2022-06-21 08:07:50','2022-06-21 10:50:10','9','9',NULL,0,'9','2022-05-30 15:00:00',2.00,'no_justified',NULL,NULL),('dcbbf972-26ef-2bf4-9897-62b17caed61f','Edu Velázquez - Taller de creación de comics | 30/05/2022 17:00h','2022-06-21 08:09:12','2022-06-21 10:49:26','9','9',NULL,0,'9','2022-05-30 15:00:00',2.00,'yes',NULL,NULL),('de6ecb9f-a133-5325-5627-62b187c49e7d','Zacarías Cisneros Balaguer - Formación online para mediadores vecinales | 20/06/2022 11:00h','2022-06-21 08:53:58','2022-06-21 08:53:58','9','9',NULL,0,'9','2022-06-20 09:00:00',1.50,NULL,NULL,NULL),('df0d58c6-af85-09f2-f327-63106cb45f1d','Maite Novoa Marcos - Sesiones grupales de arteterapia | 16/08/2022 09:00h','2022-09-01 08:27:32','2022-09-01 08:27:32','9','9',NULL,0,'9','2022-08-16 07:00:00',1.00,NULL,NULL,NULL),('e20016e0-58aa-c098-c549-62b17c8d44b4','Leo Sans - Taller de creación de comics | 01/06/2022 17:00h','2022-06-21 08:07:50','2022-06-21 10:49:26','9','9',NULL,0,'9','2022-06-01 15:00:00',2.00,'yes',NULL,NULL),('e28c632d-3509-bc66-f37a-62b17c0707b5','Edu Velázquez - Taller de creación de comics | 01/06/2022 17:00h','2022-06-21 08:09:12','2022-06-21 10:48:58','9','9',NULL,0,'9','2022-06-01 15:00:00',2.00,'yes',NULL,NULL),('e63fd5d0-5419-0c08-32ac-63106c633f7a','Maite Novoa Marcos - Sesiones grupales de arteterapia | 18/08/2022 09:00h','2022-09-01 08:27:32','2022-09-01 08:27:32','9','9',NULL,0,'9','2022-08-18 07:00:00',1.00,NULL,NULL,NULL),('e8badb62-9b91-a81a-eb05-62bb976a9048','Edu Velázquez - Taller de creación de comics | 29/06/2022 15:00h','2022-06-29 00:07:01','2022-06-29 00:07:01','1','9',NULL,0,'9','2022-06-29 15:00:00',2.00,NULL,NULL,NULL),('e8cfff5f-bdec-2021-a1de-63127e2d6d48','Maite Novoa Marcos - Sesiones grupales de arteterapia | 03/09/2022 09:00h','2022-09-02 22:07:01','2022-09-02 22:07:01','1','9',NULL,0,'9','2022-09-03 07:00:00',1.00,NULL,NULL,NULL),('e8ff98bc-53c5-91f5-47e7-62b17c92a530','Edu Velázquez - Taller de creación de comics | 06/06/2022 17:00h','2022-06-21 08:09:12','2022-06-21 10:48:58','9','9',NULL,0,'9','2022-06-06 15:00:00',2.00,'yes',NULL,NULL),('e907161e-3b95-9a7a-e1df-62b17c2310a1','Leo Sans - Taller de creación de comics | 06/06/2022 17:00h','2022-06-21 08:07:50','2022-06-21 10:49:26','9','9',NULL,0,'9','2022-06-06 15:00:00',2.00,'yes',NULL,NULL),('eda4c0ee-14bd-a62a-9cfd-63106c8a0b54','Maite Novoa Marcos - Sesiones grupales de arteterapia | 20/08/2022 09:00h','2022-09-01 08:27:32','2022-09-01 08:27:32','9','9',NULL,0,'9','2022-08-20 07:00:00',1.00,NULL,NULL,NULL),('ee611fa3-4ce4-7c4a-72ba-62b17c4e8388','Leo Sans - Taller de creación de comics | 08/06/2022 17:00h','2022-06-21 08:07:50','2022-06-21 10:49:26','9','9',NULL,0,'9','2022-06-08 15:00:00',2.00,'yes',NULL,NULL),('eec86c98-7b8d-bec3-5ecc-62b17c0b83a1','Edu Velázquez - Taller de creación de comics | 08/06/2022 17:00h','2022-06-21 08:09:12','2022-06-21 10:48:58','9','9',NULL,0,'9','2022-06-08 15:00:00',2.00,'yes',NULL,NULL),('eee94a14-b77e-859c-0a39-62bb979cc90f','Zacarías Cisneros Balaguer - Formación online para mediadores vecinales | 29/06/2022 09:00h','2022-06-29 00:07:01','2022-06-29 00:07:01','1','9',NULL,0,'9','2022-06-29 09:00:00',1.50,NULL,NULL,NULL),('f1853c15-e520-e90b-1636-62cdf0dd5c51','Edu Velázquez - Taller de creación de comics | 13/07/2022 17:00h','2022-07-12 22:07:02','2022-07-12 22:07:02','1','9',NULL,0,'9','2022-07-13 15:00:00',2.00,NULL,NULL,NULL),('f1ed080e-c92b-b4ee-e5f4-63127e9e9937','Edu Velázquez - Sesiones grupales de arteterapia | 03/09/2022 09:00h','2022-09-02 22:07:01','2022-09-02 22:07:01','1','9',NULL,0,'9','2022-09-03 07:00:00',1.00,NULL,NULL,NULL),('f6cb0533-0c82-2b49-b01f-62e0658c6277','Edu Velázquez - Taller de creación de comics | 27/07/2022 17:00h','2022-07-26 22:07:01','2022-07-26 22:07:01','1','9',NULL,0,'9','2022-07-27 15:00:00',2.00,NULL,NULL,NULL);
REPLACE INTO `stic_attendances_stic_registrations_c` (`id`, `date_modified`, `deleted`, `stic_attendances_stic_registrationsstic_registrations_ida`, `stic_attendances_stic_registrationsstic_attendances_idb`) VALUES ('1431c917-cde9-1138-1286-63106c20f744','2022-09-01 08:27:32',0,'a0a6c42d-e81b-a71a-2fb0-63106c5e7210','121faa1f-0262-b3a9-3132-63106ca0eca0'),('178df781-0af0-44a0-1459-63106db10412','2022-09-01 08:28:23',0,'d9db7680-1a78-4b4a-70ba-63106d2771c2','152adc80-05e7-199c-a4c9-63106dcaa3e3'),('1c43425f-1382-6d63-cb4f-63106c64e0a0','2022-09-01 08:27:32',0,'a0a6c42d-e81b-a71a-2fb0-63106c5e7210','1a1a78b0-0d29-fb2d-95bc-63106cc32679'),('1d210fe4-9382-8457-f36d-62b17c5a63e1','2022-06-21 08:07:50',0,'476c33dc-d999-c016-8202-62b17c61ad2a','99000ede-38ab-71de-850b-62b17c062993'),('20a06f67-36b9-169a-e3e5-63106d14a5d9','2022-09-01 08:28:23',0,'d9db7680-1a78-4b4a-70ba-63106d2771c2','1db3a795-22cf-aed8-3709-63106d19d0a8'),('216e09aa-c5d7-fd58-f375-63127eee9d9e','2022-09-02 22:07:01',0,'d9db7680-1a78-4b4a-70ba-63106d2771c2','f1ed080e-c92b-b4ee-e5f4-63127e9e9937'),('2452c477-8bc0-99d9-41c9-63106c45430e','2022-09-01 08:27:32',0,'a0a6c42d-e81b-a71a-2fb0-63106c5e7210','2193a4fb-2eba-1583-7da2-63106c9dd528'),('246a0184-a33c-1ec0-a83d-62b17ca98782','2022-06-21 08:09:12',0,'8f587930-c51c-307e-1985-62b17cb33b36','98400780-d5cb-2ab6-9b87-62b17ca7b0e9'),('2941901a-f9bd-82e1-5e59-63106d9472d9','2022-09-01 08:28:23',0,'d9db7680-1a78-4b4a-70ba-63106d2771c2','2735d0f7-ec4e-98b2-9cf6-63106dcd9264'),('2ad83fee-f778-9337-09ec-62e065774344','2022-07-26 22:07:01',0,'8f587930-c51c-307e-1985-62b17cb33b36','f6cb0533-0c82-2b49-b01f-62e0658c6277'),('2f51defd-4a69-0b63-9a30-63106cd4b9e7','2022-09-01 08:27:32',0,'a0a6c42d-e81b-a71a-2fb0-63106c5e7210','2ab083a2-e1da-b9f7-31ab-63106ceaada8'),('30c6cef3-cbcd-72dc-66ce-63106d3066e5','2022-09-01 08:28:23',0,'d9db7680-1a78-4b4a-70ba-63106d2771c2','2ec64c60-e32c-0363-3730-63106d97fcce'),('38b98b43-55af-2664-b40d-63106dc7a42d','2022-09-01 08:28:23',0,'d9db7680-1a78-4b4a-70ba-63106d2771c2','3681784f-ec3a-5eb3-0882-63106d3db9f0'),('42732526-cbd1-61f7-50e1-63106d43324f','2022-09-01 08:28:23',0,'d9db7680-1a78-4b4a-70ba-63106d2771c2','3fe7ae28-6b3b-b682-21bf-63106d4ac85c'),('4b42482e-a7f2-f7dd-44bd-63106d8eda9d','2022-09-01 08:28:23',0,'d9db7680-1a78-4b4a-70ba-63106d2771c2','4931349e-b2fa-136d-e0b3-63106da5d09a'),('4cfb016b-2844-d3d9-bc4c-63106c21c3ca','2022-09-01 08:27:32',0,'a0a6c42d-e81b-a71a-2fb0-63106c5e7210','29fc0e94-7eaa-21a2-d4b5-63106c806c60'),('4dd13419-8640-b476-ded3-63106c5872aa','2022-09-01 08:27:06',0,'2f377f13-7941-7265-9ea7-63106c7911da','49f2ef64-3597-a3d0-05d4-63106cccd7c6'),('4e71316e-c10e-ac95-e42c-62ddc29b2368','2022-07-24 22:07:01',0,'476c33dc-d999-c016-8202-62b17c61ad2a','3243784a-dd9e-6e2f-0bfd-62ddc201b7ef'),('53116a74-6d53-6c57-02c2-63106d3cd584','2022-09-01 08:28:23',0,'d9db7680-1a78-4b4a-70ba-63106d2771c2','50b535fb-0279-f917-d881-63106daaf388'),('57bcb63a-f8de-6acc-3fbf-63106c697d5d','2022-09-01 08:27:06',0,'2f377f13-7941-7265-9ea7-63106c7911da','55fa4e11-433d-6907-9896-63106cb3ecb5'),('588c850e-f747-91c5-e140-62b5001667c4','2022-06-24 00:07:01',0,'5a0452c4-368c-1deb-6a82-62b186d8d55a','457b0fa3-3a00-712a-e6d3-62b500f49f92'),('5947ddce-04f9-35a1-1cba-62ddc23215ad','2022-07-24 22:07:01',0,'8f587930-c51c-307e-1985-62b17cb33b36','558a46b2-c579-b82b-300d-62ddc2c6493e'),('5aba87bf-2bfa-ff6b-b006-63106d9c1457','2022-09-01 08:28:23',0,'d9db7680-1a78-4b4a-70ba-63106d2771c2','589cea37-9680-06b1-e6bf-63106d6755e1'),('5f9ec175-9bbf-801c-8118-63106ca88cdf','2022-09-01 08:27:06',0,'2f377f13-7941-7265-9ea7-63106c7911da','5cf5a7e3-7ee7-eef3-e939-63106c99bee5'),('60cbd054-6c01-53cf-632e-62b5000a03ff','2022-06-24 00:07:01',0,'c62d3ef0-2a42-ce78-c674-62b187687cb4','5dd052ac-39a9-fc86-9500-62b50032039d'),('628e55ad-ee18-a648-47a5-63106d68cc44','2022-09-01 08:28:23',0,'d9db7680-1a78-4b4a-70ba-63106d2771c2','60612fc8-767a-aa2f-1c44-63106d1c2758'),('64c99f85-2bd0-e664-9243-62cb4d35690d','2022-07-10 22:07:01',0,'476c33dc-d999-c016-8202-62b17c61ad2a','48b6f4ab-5d56-4108-d1c2-62cb4dc10a82'),('68063f57-761c-6f33-7805-63106ce8b3cd','2022-09-01 08:27:06',0,'2f377f13-7941-7265-9ea7-63106c7911da','65b9917d-5d5a-b8cf-7471-63106cd8b50d'),('6a310502-7b3f-e93b-36ed-63106df15aaf','2022-09-01 08:28:23',0,'d9db7680-1a78-4b4a-70ba-63106d2771c2','6806ac54-cf55-6b42-1164-63106d3886b8'),('6fd6ec50-ecfa-9fe9-6827-62b17c164964','2022-06-21 08:07:50',0,'476c33dc-d999-c016-8202-62b17c61ad2a','6c6ff2a9-432b-a6ce-9f34-62b17c71e76f'),('702f711a-6bc3-9d10-800a-62b186933790','2022-06-21 08:53:17',0,'5a0452c4-368c-1deb-6a82-62b186d8d55a','6dcde3ab-9659-e5b8-b12e-62b186dd5d77'),('70c140ba-1735-1760-a433-63106c7ab03c','2022-09-01 08:27:06',0,'2f377f13-7941-7265-9ea7-63106c7911da','6e940cca-c267-7c76-33b5-63106cd27a10'),('72002cbd-4907-e7a2-4d88-63106d6b7d5e','2022-09-01 08:28:23',0,'d9db7680-1a78-4b4a-70ba-63106d2771c2','6fd43bbe-5e16-1b19-808a-63106d45b3fb'),('76090ab9-f0d6-abd8-90dc-62b17cf7e098','2022-06-21 08:07:50',0,'476c33dc-d999-c016-8202-62b17c61ad2a','5bf400fc-18cb-a5b3-60df-62b17c79ac21'),('779f03e0-7441-52ed-60b3-63106c371477','2022-09-01 08:27:06',0,'2f377f13-7941-7265-9ea7-63106c7911da','757f52e1-9ebe-2c62-7ee4-63106c51b273'),('7862eadc-4c62-c7c0-c147-62b17ca97132','2022-06-21 08:07:50',0,'476c33dc-d999-c016-8202-62b17c61ad2a','75cabdb2-58a5-a369-51b1-62b17cfec827'),('78a15697-0faa-56f5-8d44-62b18660ec52','2022-06-21 08:53:17',0,'5a0452c4-368c-1deb-6a82-62b186d8d55a','74be55f2-7532-f66a-679b-62b186de0d11'),('7d83475a-274e-f314-fb45-62cb4d97e3fb','2022-07-10 22:07:01',0,'8f587930-c51c-307e-1985-62b17cb33b36','6a2f026b-65bb-b6d1-9d17-62cb4da953a7'),('7eff0049-0abd-d1a5-7977-62b17cb976ab','2022-06-21 08:09:12',0,'8f587930-c51c-307e-1985-62b17cb33b36','64390fb7-4b93-cad5-2f07-62b17cc9f7a2'),('7f0e0869-4a1c-bee5-469b-62b1863011d4','2022-06-21 08:53:17',0,'5a0452c4-368c-1deb-6a82-62b186d8d55a','7d662d80-9448-615b-5b2e-62b1862134c0'),('7f2d3bfd-5cec-377d-520f-63106ca94c39','2022-09-01 08:27:06',0,'2f377f13-7941-7265-9ea7-63106c7911da','7c86fb4f-d4ee-3854-c458-63106c241b39'),('7f6c731e-15db-aec0-3f5a-631521cb7bc4','2022-09-04 22:07:01',0,'2f377f13-7941-7265-9ea7-63106c7911da','426d5e4e-57d0-cfc5-c3cd-63152139bf07'),('80441122-e4e6-d0d4-494a-62b17cdfa05c','2022-06-21 08:07:50',0,'476c33dc-d999-c016-8202-62b17c61ad2a','7e237292-e4a5-19f4-ea74-62b17c680eb2'),('83cdaaec-3608-0055-68d9-62c4b6336a9a','2022-07-05 22:07:02',0,'476c33dc-d999-c016-8202-62b17c61ad2a','5d7f201d-3997-f9a7-2f89-62c4b67dbcd3'),('845c4fd1-d298-93eb-ee77-62b186ee5066','2022-06-21 08:53:17',0,'5a0452c4-368c-1deb-6a82-62b186d8d55a','82f92b62-56a5-fbd7-cea5-62b186d7e15b'),('86b13b79-c638-7836-8239-62b17ccf51d1','2022-06-21 08:07:50',0,'476c33dc-d999-c016-8202-62b17c61ad2a','84af03ad-bd08-acd2-47b5-62b17cb81cc2'),('86ea1a92-15d7-3c6b-59dc-63106c957149','2022-09-01 08:27:06',0,'2f377f13-7941-7265-9ea7-63106c7911da','852db87f-795d-ca67-637e-63106ccc8a83'),('889d709d-f0b5-d643-c2bd-62b186208b50','2022-06-21 08:53:17',0,'5a0452c4-368c-1deb-6a82-62b186d8d55a','873870cb-feb6-58eb-df8b-62b18603e16d'),('891eb027-721c-bae8-d233-63152167f8e1','2022-09-04 22:07:01',0,'a0a6c42d-e81b-a71a-2fb0-63106c5e7210','855b2180-b807-915d-e5ee-6315219f9b16'),('8af3003f-9506-971b-c964-62b25dd3debd','2022-06-22 00:07:02',0,'476c33dc-d999-c016-8202-62b17c61ad2a','823a3b35-b63b-26b9-38f0-62b25db043f4'),('8c98ec29-d185-89f9-5a59-62c4b62bcb8e','2022-07-05 22:07:02',0,'8f587930-c51c-307e-1985-62b17cb33b36','89ba2b2f-8155-32ef-d11f-62c4b699c15b'),('8cfc0dd5-2c1c-f213-cd24-62e0659404e1','2022-07-26 22:07:01',0,'476c33dc-d999-c016-8202-62b17c61ad2a','d0506634-ffb3-1449-ba76-62e065848193'),('8d8d5723-9583-cffe-8da7-62b17c473f4b','2022-06-21 08:07:50',0,'476c33dc-d999-c016-8202-62b17c61ad2a','8bb2f8d4-9f2c-90f7-07ce-62b17c0769e1'),('8e4f7909-1933-6046-c713-62b18649e668','2022-06-21 08:53:17',0,'5a0452c4-368c-1deb-6a82-62b186d8d55a','8bccfbfd-7719-ee1e-48f1-62b1866de65c'),('8ea3646e-4007-bc2e-7516-63106ceae2cc','2022-09-01 08:27:06',0,'2f377f13-7941-7265-9ea7-63106c7911da','8c918e36-87d7-f261-1173-63106c8e6da6'),('93527d82-b98b-8828-6eae-62b17c4b597c','2022-06-21 08:07:50',0,'476c33dc-d999-c016-8202-62b17c61ad2a','916e592d-2717-7526-6b5c-62b17cfa19e2'),('935478be-23d9-4693-2ad6-62b25da2b8df','2022-06-22 00:07:02',0,'5a0452c4-368c-1deb-6a82-62b186d8d55a','8e7d9527-561f-77b4-efce-62b25d983af4'),('94e61a35-d794-2bf1-cfda-62b18670e952','2022-06-21 08:53:17',0,'5a0452c4-368c-1deb-6a82-62b186d8d55a','93397352-9cb1-33ed-b5a4-62b18655a95c'),('9566a52a-fa35-9c59-1947-63152195aa26','2022-09-04 22:07:01',0,'d9db7680-1a78-4b4a-70ba-63106d2771c2','8d8ba12c-e72c-870a-7842-6315217712d5'),('9579580b-555a-9879-3402-63106c6a31e5','2022-09-01 08:27:06',0,'2f377f13-7941-7265-9ea7-63106c7911da','93a5152d-d384-88d9-fe1d-63106c9980ef'),('99df8b89-e767-46bf-edbc-62b25db820d5','2022-06-22 00:07:02',0,'8f587930-c51c-307e-1985-62b17cb33b36','969564f5-af18-fc51-cbb8-62b25df11c55'),('9a068ae7-14fe-9b7e-d49b-62b1860f41ee','2022-06-21 08:53:17',0,'5a0452c4-368c-1deb-6a82-62b186d8d55a','98960b1e-da24-64e8-d810-62b18631d26b'),('9b17ef9c-38bf-8198-8da0-62b17cf64812','2022-06-21 08:07:50',0,'476c33dc-d999-c016-8202-62b17c61ad2a','982a5396-a1bb-e743-0636-62b17c911134'),('9c4c5d4e-8773-ace3-1e20-62d72b2ffd65','2022-07-19 22:07:01',0,'476c33dc-d999-c016-8202-62b17c61ad2a','822a6505-f992-10c3-d3e2-62d72b727798'),('9c52bb45-d04a-d76d-d90e-63106cc81725','2022-09-01 08:27:06',0,'2f377f13-7941-7265-9ea7-63106c7911da','9a9037ac-0500-6de4-9459-63106c601fa6'),('9ff701a6-6392-fba2-2a2e-62cdf0c6010f','2022-07-12 22:07:02',0,'8f587930-c51c-307e-1985-62b17cb33b36','f1853c15-e520-e90b-1636-62cdf0dd5c51'),('a027553c-e97a-13ad-b2ac-62c2133f9713','2022-07-03 22:07:01',0,'476c33dc-d999-c016-8202-62b17c61ad2a','82d6f86e-cf92-dd19-0533-62c2139b5f31'),('a02f1b82-6944-e858-a6f0-62b186efb0ed','2022-06-21 08:53:17',0,'5a0452c4-368c-1deb-6a82-62b186d8d55a','9e3459d9-24eb-bcbb-adc5-62b186c13d24'),('a0d5c0f3-8b96-c3d0-d2a2-62b25d422b62','2022-06-22 00:07:02',0,'c62d3ef0-2a42-ce78-c674-62b187687cb4','9d2be2cf-c304-d3db-7c68-62b25d7f03bb'),('a1219c30-f557-8b8b-3978-62b17c2b832d','2022-06-21 08:07:50',0,'476c33dc-d999-c016-8202-62b17c61ad2a','9f827d71-cce8-3aee-3c04-62b17c35b20c'),('a2aba299-cc45-c66e-849c-63106ccd6e71','2022-09-01 08:27:06',0,'2f377f13-7941-7265-9ea7-63106c7911da','a110f2b1-a3c6-e766-8515-63106cbaf588'),('a2b3ad34-6673-c77f-4f9f-6317c4dd848f','2022-09-06 22:07:02',0,'2f377f13-7941-7265-9ea7-63106c7911da','858b7831-7c2e-5736-c73d-6317c4b5c689'),('a6eba76d-c2eb-a1c7-d3f3-62b8f49f376c','2022-06-27 00:07:01',0,'476c33dc-d999-c016-8202-62b17c61ad2a','918aaf63-fc4c-f4f2-0414-62b8f46cabbb'),('a7611e0f-b8dd-e5e4-8080-62d72bbe45e6','2022-07-19 22:07:01',0,'8f587930-c51c-307e-1985-62b17cb33b36','a280b6d0-8544-2074-7f50-62d72b806c6e'),('a846fbb9-8ea6-5583-a030-62b17cfa2d95','2022-06-21 08:07:50',0,'476c33dc-d999-c016-8202-62b17c61ad2a','a5be4878-5d5e-14cb-875d-62b17cca4bbf'),('a982bbf5-880d-7cd9-2434-63106c47249a','2022-09-01 08:27:06',0,'2f377f13-7941-7265-9ea7-63106c7911da','a77c2071-660d-e9dc-3617-63106ce7e244'),('aa8e0c7a-37d7-198c-f229-62c213bbfd72','2022-07-03 22:07:01',0,'8f587930-c51c-307e-1985-62b17cb33b36','a5eb6feb-a218-cb83-01c7-62c213d99dbd'),('ab46e3a2-5a4e-4638-85cb-62b17c3f7349','2022-06-21 08:09:12',0,'8f587930-c51c-307e-1985-62b17cb33b36','a8e62f59-1655-b3ae-6cd0-62b17c7d8099'),('ad0a7968-74de-0b2b-7b86-6317c4295379','2022-09-06 22:07:02',0,'a0a6c42d-e81b-a71a-2fb0-63106c5e7210','a90d2f49-91fe-54d7-0fec-6317c4338eb5'),('ae536644-9f77-143a-38ad-62b17c08a12d','2022-06-21 08:07:50',0,'476c33dc-d999-c016-8202-62b17c61ad2a','abef8f45-2868-2737-6a17-62b17c23484a'),('aefa45bc-2a40-2dd2-6123-62b8f442fa8a','2022-06-27 00:07:01',0,'5a0452c4-368c-1deb-6a82-62b186d8d55a','aae7e0b9-44b2-ab18-2635-62b8f4f8faa9'),('b173d660-7105-4f7c-eee7-62b1878d301a','2022-06-21 08:53:58',0,'c62d3ef0-2a42-ce78-c674-62b187687cb4','afa47ebb-ddf7-a1f4-d13d-62b187a47310'),('b274b912-27c9-e5b9-1277-62b17cbd60aa','2022-06-21 08:09:12',0,'8f587930-c51c-307e-1985-62b17cb33b36','b03fc423-18fb-b9ce-1e7e-62b17c0da2fc'),('b4406057-86b1-98d8-8c1f-62b8f4e42af8','2022-06-27 00:07:01',0,'8f587930-c51c-307e-1985-62b17cb33b36','b14ea651-d288-636c-ec94-62b8f4ca0e23'),('b4fff8a7-8555-e3f7-83aa-6317c4f4d2ee','2022-09-06 22:07:02',0,'d9db7680-1a78-4b4a-70ba-63106d2771c2','b212bd3f-3e3d-5956-5a82-6317c4db0838'),('b5ff603d-9ba6-0d20-98db-62b17c432f62','2022-06-21 08:07:50',0,'476c33dc-d999-c016-8202-62b17c61ad2a','b44c3211-7f33-e1f6-8858-62b17c9fdab4'),('b80dd3dd-340e-21d4-52d2-62b187e0f757','2022-06-21 08:53:58',0,'c62d3ef0-2a42-ce78-c674-62b187687cb4','b63470ee-8a3f-607e-5ef9-62b187bf82f8'),('b8b1bf1f-ffa2-f1a0-5a93-62b17c347719','2022-06-21 08:09:12',0,'8f587930-c51c-307e-1985-62b17cb33b36','b6f633d9-a5de-a7f2-655e-62b17cf68797'),('b92f4874-09a8-e15c-aa8c-62b8f47964d8','2022-06-27 00:07:01',0,'c62d3ef0-2a42-ce78-c674-62b187687cb4','b67db0ab-af82-ebe8-ef1f-62b8f437dca5'),('ba81b073-39d7-80c5-ace7-63106cade51d','2022-09-01 08:27:32',0,'a0a6c42d-e81b-a71a-2fb0-63106c5e7210','b7c01105-09ff-f2f9-ffc6-63106cf76f6a'),('bb716ee4-0909-ccd0-1ff8-62b17c31377f','2022-06-21 08:07:50',0,'476c33dc-d999-c016-8202-62b17c61ad2a','b9f411bf-a1d6-c78d-1bac-62b17c1e129b'),('bd32f9a4-67f0-6726-1762-62b1876e2f91','2022-06-21 08:53:58',0,'c62d3ef0-2a42-ce78-c674-62b187687cb4','bbc4db2d-bb3a-a2b8-901c-62b1870d6302'),('bf2044cd-cc25-ad2c-fa1a-62b17c2ce396','2022-06-21 08:09:12',0,'8f587930-c51c-307e-1985-62b17cb33b36','bca66dde-21bd-ca01-2b8d-62b17c6cf4c9'),('c08b011e-a441-e10a-58b8-63106d470ef5','2022-09-01 08:28:23',0,'d9db7680-1a78-4b4a-70ba-63106d2771c2','8faf09d6-f8d7-fe4a-9b9b-63106d893382'),('c19435bf-b849-7add-8f1f-62b17cfd194e','2022-06-21 08:07:50',0,'476c33dc-d999-c016-8202-62b17c61ad2a','c008d645-98b2-5bee-4dae-62b17cedadf7'),('c3fe2096-023d-6994-0bae-62b187b97ae1','2022-06-21 08:53:58',0,'c62d3ef0-2a42-ce78-c674-62b187687cb4','c18f0b25-ca88-43bb-5bf8-62b1872e0207'),('c544ef35-28f0-05d7-d5d3-63106cbff27b','2022-09-01 08:27:32',0,'a0a6c42d-e81b-a71a-2fb0-63106c5e7210','c3348c83-2b01-32a3-d3fa-63106c14ce26'),('c5ce036b-7018-67a8-bd10-63106ce82042','2022-09-01 08:27:32',0,'a0a6c42d-e81b-a71a-2fb0-63106c5e7210','a60c0073-4c9c-60e3-bb8c-63106c6c941f'),('c62875e9-d4ed-1fcc-40b2-62b17c1a2938','2022-06-21 08:09:12',0,'8f587930-c51c-307e-1985-62b17cb33b36','c47f43ab-ccea-c314-da78-62b17c082591'),('c6cfc4eb-cb2b-f739-3192-62b17c41eb89','2022-06-21 08:07:50',0,'476c33dc-d999-c016-8202-62b17c61ad2a','c54d6d88-072f-2079-2fb9-62b17c340baf'),('ca5b5988-ecd1-d2ab-60bf-62b187c657dc','2022-06-21 08:53:58',0,'c62d3ef0-2a42-ce78-c674-62b187687cb4','c8d07558-3eee-058e-0647-62b187556d4a'),('cbd3e4a8-a41e-8c11-4e30-62b17c9112a1','2022-06-21 08:09:12',0,'8f587930-c51c-307e-1985-62b17cb33b36','c9fe5c31-ea6b-5044-b597-62b17c381219'),('ccb48226-0024-2493-b434-63106c4fa516','2022-09-01 08:27:32',0,'a0a6c42d-e81b-a71a-2fb0-63106c5e7210','cabbef48-d808-3502-9bae-63106ce10f49'),('ce5fd9ba-5bdf-e74b-b449-62bb9777a092','2022-06-29 00:07:01',0,'476c33dc-d999-c016-8202-62b17c61ad2a','b7ad01f5-53fd-652a-bb12-62bb97ff9199'),('cfbc2ba4-5ccb-c32e-6c7c-62b187c777c2','2022-06-21 08:53:58',0,'c62d3ef0-2a42-ce78-c674-62b187687cb4','ce44b2b6-cebf-4c29-272a-62b187a39a57'),('d2148a10-3519-b437-fe38-62b17cbf43ec','2022-06-21 08:07:50',0,'476c33dc-d999-c016-8202-62b17c61ad2a','cb63a850-033a-72c8-3c56-62b17c5ac406'),('d237380c-8cf0-8f8f-283e-62b17c16183c','2022-06-21 08:09:12',0,'8f587930-c51c-307e-1985-62b17cb33b36','d07b6d32-b16a-dbcf-3487-62b17c8af92b'),('d4894a7e-3427-3e03-eab9-62d4887b06d3','2022-07-17 22:07:01',0,'476c33dc-d999-c016-8202-62b17c61ad2a','a813573e-d882-6db9-4d93-62d488c8d648'),('d52c03d8-1918-1c64-b6e6-62b17cb32349','2022-06-21 08:07:50',0,'476c33dc-d999-c016-8202-62b17c61ad2a','bc3106a4-ec31-8cb1-dfd6-62b17cb9854f'),('d54f6e1c-c626-5c53-0fcf-62b187be41b2','2022-06-21 08:53:58',0,'c62d3ef0-2a42-ce78-c674-62b187687cb4','d39e3854-f37f-e645-84a3-62b1873d2624'),('d7ba1dcd-4019-013e-1b8e-62b17c68d99c','2022-06-21 08:07:50',0,'476c33dc-d999-c016-8202-62b17c61ad2a','d64ddffc-7ccf-97b1-7401-62b17cc9725e'),('d84ef5bb-9337-630d-6d06-62b17c1ecc8c','2022-06-21 08:09:12',0,'8f587930-c51c-307e-1985-62b17cb33b36','d6ab2487-cd3c-a15b-116e-62b17c4f9fd4'),('da015fa5-7fab-7642-37a4-63106c49fad4','2022-09-01 08:27:32',0,'a0a6c42d-e81b-a71a-2fb0-63106c5e7210','d7f92bfa-2f93-462a-5be4-63106cc6a1ae'),('da667382-a8d1-028f-4d2e-62b18763109f','2022-06-21 08:53:58',0,'c62d3ef0-2a42-ce78-c674-62b187687cb4','d8fa6f5f-a9e3-1552-4da1-62b187f923a3'),('dd1755c9-74da-6cca-ceec-62b17c7f5b67','2022-06-21 08:07:50',0,'476c33dc-d999-c016-8202-62b17c61ad2a','db6fc39e-4a9f-001c-59bb-62b17c6b8ddc'),('dd220f4b-3954-a0b5-c666-62b17caaf578','2022-06-21 08:09:12',0,'8f587930-c51c-307e-1985-62b17cb33b36','c3900cd5-044a-8579-0ec7-62b17c6df51f'),('de731149-3b64-12ab-fa76-62b17c939a68','2022-06-21 08:09:12',0,'8f587930-c51c-307e-1985-62b17cb33b36','dcbbf972-26ef-2bf4-9897-62b17caed61f'),('e00b1c65-1209-bf9d-7c02-62b1878bacce','2022-06-21 08:53:58',0,'c62d3ef0-2a42-ce78-c674-62b187687cb4','de6ecb9f-a133-5325-5627-62b187c49e7d'),('e0ec6008-5419-1d6d-4568-63106c7e2654','2022-09-01 08:27:32',0,'a0a6c42d-e81b-a71a-2fb0-63106c5e7210','df0d58c6-af85-09f2-f327-63106cb45f1d'),('e15f9776-9a67-c1e1-d9cd-62d488309d90','2022-07-17 22:07:01',0,'8f587930-c51c-307e-1985-62b17cb33b36','da6b56d0-5117-905d-2323-62d488a746af'),('e209ad01-3ccb-caf9-a718-63127e8bc42d','2022-09-02 22:07:01',0,'2f377f13-7941-7265-9ea7-63106c7911da','c0622ae8-ff54-8d4b-a8e2-63127e630298'),('e44582cb-91ac-57cc-dd2c-62b17ccaf0d6','2022-06-21 08:09:12',0,'8f587930-c51c-307e-1985-62b17cb33b36','e28c632d-3509-bc66-f37a-62b17c0707b5'),('e4d67997-ef54-4c29-0fc8-62b17c89112f','2022-06-21 08:07:50',0,'476c33dc-d999-c016-8202-62b17c61ad2a','e20016e0-58aa-c098-c549-62b17c8d44b4'),('e5919cf8-3a78-f5c7-c379-62bb9749e137','2022-06-29 00:07:01',0,'5a0452c4-368c-1deb-6a82-62b186d8d55a','d2bd3da4-c18c-2ed5-fbc9-62bb9740c311'),('e85f0d0f-cc84-36e2-a291-63106c681193','2022-09-01 08:27:32',0,'a0a6c42d-e81b-a71a-2fb0-63106c5e7210','e63fd5d0-5419-0c08-32ac-63106c633f7a'),('eabbe274-c6cf-1275-db66-62b17c21265d','2022-06-21 08:09:12',0,'8f587930-c51c-307e-1985-62b17cb33b36','e8ff98bc-53c5-91f5-47e7-62b17c92a530'),('eabf10e4-3ee5-5846-2ac0-62b17c341f89','2022-06-21 08:07:50',0,'476c33dc-d999-c016-8202-62b17c61ad2a','e907161e-3b95-9a7a-e1df-62b17c2310a1'),('ebac2659-f0cd-be1a-c070-62bb9702fed1','2022-06-29 00:07:01',0,'8f587930-c51c-307e-1985-62b17cb33b36','e8badb62-9b91-a81a-eb05-62bb976a9048'),('ec2bce62-5c11-220d-491e-62cdf0a80867','2022-07-12 22:07:02',0,'476c33dc-d999-c016-8202-62b17c61ad2a','d15ba529-b0ce-5a52-2906-62cdf05e0857'),('ec6afb3b-1832-bea3-0cbd-63127e4cd4b0','2022-09-02 22:07:01',0,'a0a6c42d-e81b-a71a-2fb0-63106c5e7210','e8cfff5f-bdec-2021-a1de-63127e2d6d48'),('efa13d8b-eec6-86ff-42ad-63106cbc0ff1','2022-09-01 08:27:32',0,'a0a6c42d-e81b-a71a-2fb0-63106c5e7210','eda4c0ee-14bd-a62a-9cfd-63106c8a0b54'),('efd7e314-c35a-939d-dd15-62b17c61a386','2022-06-21 08:07:50',0,'476c33dc-d999-c016-8202-62b17c61ad2a','ee611fa3-4ce4-7c4a-72ba-62b17c4e8388'),('f04ac63c-42b8-7815-4a35-62b17c444108','2022-06-21 08:09:12',0,'8f587930-c51c-307e-1985-62b17cb33b36','eec86c98-7b8d-bec3-5ecc-62b17c0b83a1'),('f22c13a8-8df2-22a5-f050-62bb97f90718','2022-06-29 00:07:01',0,'c62d3ef0-2a42-ce78-c674-62b187687cb4','eee94a14-b77e-859c-0a39-62bb979cc90f');
REPLACE INTO `stic_attendances_stic_sessions_c` (`id`, `date_modified`, `deleted`, `stic_attendances_stic_sessionsstic_sessions_ida`, `stic_attendances_stic_sessionsstic_attendances_idb`) VALUES ('11bcfec7-19b4-067a-cefa-62e065ba9cf0','2022-07-26 22:07:01',0,'b132adec-149a-61db-3e52-62b17b29ece7','f6cb0533-0c82-2b49-b01f-62e0658c6277'),('12e1a2e5-f901-58a4-9296-63106c18a0be','2022-09-01 08:27:32',0,'a78a9e8a-7a10-cf67-54a9-63106cc16bde','121faa1f-0262-b3a9-3132-63106ca0eca0'),('149f0145-32b4-1f17-de64-62b17cfc5dd0','2022-06-21 08:09:12',0,'8d83d95a-3fc1-bf8c-bcee-62b17b8a38b2','98400780-d5cb-2ab6-9b87-62b17ca7b0e9'),('1613cd41-fdeb-7e48-97d8-63106d4ecf1b','2022-09-01 08:28:23',0,'8d89183c-58c8-4aa0-2e0f-63106cc1aa5f','152adc80-05e7-199c-a4c9-63106dcaa3e3'),('1adde47e-1909-324e-a547-63106c6b4f3d','2022-09-01 08:27:32',0,'a9ebbf48-78fc-76bb-f6c4-63106c49036f','1a1a78b0-0d29-fb2d-95bc-63106cc32679'),('1ebbd88e-2e3d-1184-f399-63106dd11ee5','2022-09-01 08:28:23',0,'9124d95e-2f55-8c77-8cdf-63106ca87e80','1db3a795-22cf-aed8-3709-63106d19d0a8'),('224b01b4-0efc-2569-f1ba-63106ceaa87c','2022-09-01 08:27:32',0,'aceec211-1fc1-dee6-c5e2-63106c0dd4e2','2193a4fb-2eba-1583-7da2-63106c9dd528'),('27ee7c87-fd09-9d69-fac8-63106dd4e96a','2022-09-01 08:28:23',0,'94044d1a-d8f9-b07d-8c06-63106c9597c7','2735d0f7-ec4e-98b2-9cf6-63106dcd9264'),('2bccc83b-d0c4-399c-fda3-63106cacec54','2022-09-01 08:27:32',0,'af2d86a5-5e0f-caf1-4c83-63106cb9ef5f','2ab083a2-e1da-b9f7-31ab-63106ceaada8'),('2f791c0d-c897-2288-0e76-63106d09c3ab','2022-09-01 08:28:23',0,'97fcfaa6-c6b6-c76a-f88a-63106c424d0e','2ec64c60-e32c-0363-3730-63106d97fcce'),('33c00735-f81a-9579-ee19-63127e7c679e','2022-09-02 22:07:01',0,'b21785be-626b-35eb-6ec8-63106cfe2e14','f1ed080e-c92b-b4ee-e5f4-63127e9e9937'),('35d1090b-435e-d026-4072-63106c2122c6','2022-09-01 08:27:32',0,'a1307a41-f74e-59f9-cc0a-63106c182050','29fc0e94-7eaa-21a2-d4b5-63106c806c60'),('374849dc-3490-56b1-c316-63106d7b5447','2022-09-01 08:28:23',0,'9ae1a520-6352-7c51-abf8-63106c858483','3681784f-ec3a-5eb3-0882-63106d3db9f0'),('40e92147-ff7c-ad59-9052-63106d69c204','2022-09-01 08:28:23',0,'9d275f6d-b9be-cb65-2390-63106c3c4f9c','3fe7ae28-6b3b-b682-21bf-63106d4ac85c'),('49e37dc6-794f-c3a2-51bd-63106d0a8974','2022-09-01 08:28:23',0,'a1307a41-f74e-59f9-cc0a-63106c182050','4931349e-b2fa-136d-e0b3-63106da5d09a'),('4b433b44-9f20-6544-2a43-63106cafcd57','2022-09-01 08:27:06',0,'809fdc9d-7d41-9f40-a9e6-63106cbb0ae6','49f2ef64-3597-a3d0-05d4-63106cccd7c6'),('4bc79733-c16e-d074-1f69-62ddc22c66dd','2022-07-24 22:07:01',0,'adbc6be6-6d5f-eedb-d53d-62b17b7ddfd4','3243784a-dd9e-6e2f-0bfd-62ddc201b7ef'),('51978b4a-4de5-94bc-8ab7-63106d1e6f9c','2022-09-01 08:28:23',0,'a48f619e-8ea5-4f8f-076a-63106ca3af4f','50b535fb-0279-f917-d881-63106daaf388'),('5636c319-50e6-1a14-025a-62b500bfe00f','2022-06-24 00:07:01',0,'dbd277aa-5e77-5f9d-1cd5-62b1865fbb2d','457b0fa3-3a00-712a-e6d3-62b500f49f92'),('56b76f09-f809-d433-c4e2-63106cdef5b5','2022-09-01 08:27:06',0,'8d89183c-58c8-4aa0-2e0f-63106cc1aa5f','55fa4e11-433d-6907-9896-63106cb3ecb5'),('57f732a6-113c-08d2-2708-62ddc2dec595','2022-07-24 22:07:01',0,'adbc6be6-6d5f-eedb-d53d-62b17b7ddfd4','558a46b2-c579-b82b-300d-62ddc2c6493e'),('596b5e1e-c37f-8b14-407b-63106dcfa933','2022-09-01 08:28:23',0,'a78a9e8a-7a10-cf67-54a9-63106cc16bde','589cea37-9680-06b1-e6bf-63106d6755e1'),('5dde0bbe-b8a3-1fad-75c0-63106cc3536e','2022-09-01 08:27:06',0,'9124d95e-2f55-8c77-8cdf-63106ca87e80','5cf5a7e3-7ee7-eef3-e939-63106c99bee5'),('5f1d089f-438c-ffc2-5441-62e065161a1f','2022-07-26 22:07:01',0,'b132adec-149a-61db-3e52-62b17b29ece7','d0506634-ffb3-1449-ba76-62e065848193'),('5febd321-9437-db27-ba32-62b5007367c6','2022-06-24 00:07:01',0,'dbd277aa-5e77-5f9d-1cd5-62b1865fbb2d','5dd052ac-39a9-fc86-9500-62b50032039d'),('6126827a-6afa-ff9a-2728-63106d35ad19','2022-09-01 08:28:23',0,'a9ebbf48-78fc-76bb-f6c4-63106c49036f','60612fc8-767a-aa2f-1c44-63106d1c2758'),('61f38219-388d-5083-b91f-62cb4ddad6b7','2022-07-10 22:07:01',0,'a272c2d0-3efe-9949-de17-62b17b31e4c1','48b6f4ab-5d56-4108-d1c2-62cb4dc10a82'),('65d106d5-adb5-e86f-5fc1-62b17cebcf99','2022-06-21 08:07:50',0,'903f79a2-55a2-5dd9-488f-62b17b26d68f','5bf400fc-18cb-a5b3-60df-62b17c79ac21'),('667c971c-a01f-98c1-6bf3-63106ca32969','2022-09-01 08:27:06',0,'94044d1a-d8f9-b07d-8c06-63106c9597c7','65b9917d-5d5a-b8cf-7471-63106cd8b50d'),('68c5d5ea-e607-fbeb-6a5e-63106de33cfa','2022-09-01 08:28:23',0,'aceec211-1fc1-dee6-c5e2-63106c0dd4e2','6806ac54-cf55-6b42-1164-63106d3886b8'),('6c7ed2b5-dd5e-0f5f-e01e-62cb4db284b5','2022-07-10 22:07:01',0,'a272c2d0-3efe-9949-de17-62b17b31e4c1','6a2f026b-65bb-b6d1-9d17-62cb4da953a7'),('6dcf7e51-b6f3-6d98-00b9-62b17c3fce6f','2022-06-21 08:07:50',0,'41b014f5-1bcb-74b7-881f-62b17b575f93','6c6ff2a9-432b-a6ce-9f34-62b17c71e76f'),('6e8a04a2-2cdd-49e4-ded6-62b17c368b25','2022-06-21 08:09:12',0,'903f79a2-55a2-5dd9-488f-62b17b26d68f','64390fb7-4b93-cad5-2f07-62b17cc9f7a2'),('6eebe2ad-8108-a8b3-c908-62b186746712','2022-06-21 08:53:17',0,'89834c6e-475d-dd56-e561-62b186f90340','6dcde3ab-9659-e5b8-b12e-62b186dd5d77'),('6f4dcaf4-4444-db50-34fd-63106c7012df','2022-09-01 08:27:06',0,'97fcfaa6-c6b6-c76a-f88a-63106c424d0e','6e940cca-c267-7c76-33b5-63106cd27a10'),('708d685e-0448-1efd-eed3-63106dd92a75','2022-09-01 08:28:23',0,'af2d86a5-5e0f-caf1-4c83-63106cb9ef5f','6fd43bbe-5e16-1b19-808a-63106d45b3fb'),('756f73cb-60e6-9a18-63c1-62b18676749b','2022-06-21 08:53:17',0,'98596476-ed6d-e2d0-275d-62b1868879e2','74be55f2-7532-f66a-679b-62b186de0d11'),('76496d11-39d6-30da-9797-63106c6cc178','2022-09-01 08:27:06',0,'9ae1a520-6352-7c51-abf8-63106c858483','757f52e1-9ebe-2c62-7ee4-63106c51b273'),('767e6f57-4f31-0962-ae66-62b17c169370','2022-06-21 08:07:50',0,'51d1ae6f-8f38-2ac8-df93-62b17bbada05','75cabdb2-58a5-a369-51b1-62b17cfec827'),('7c86f03b-7c5d-49b0-91e6-6315219e2cd2','2022-09-04 22:07:01',0,'b3dd8fd9-80f0-c3c1-a25a-63106c36230e','426d5e4e-57d0-cfc5-c3cd-63152139bf07'),('7d47cb71-ed6f-cabe-c1aa-63106c997e0d','2022-09-01 08:27:06',0,'9d275f6d-b9be-cb65-2390-63106c3c4f9c','7c86fb4f-d4ee-3854-c458-63106c241b39'),('7e2e95d0-6d3d-a333-00b3-62b1866c422a','2022-06-21 08:53:17',0,'afa2354f-394a-bafc-d1f9-62b186a6d465','7d662d80-9448-615b-5b2e-62b1862134c0'),('7f4c6413-5a78-3660-70a5-62b17cba5b48','2022-06-21 08:07:50',0,'55f95fa9-42b8-9e67-11f1-62b17becaefa','7e237292-e4a5-19f4-ea74-62b17c680eb2'),('80ce8182-4448-6117-2234-62c4b6b070cc','2022-07-05 22:07:02',0,'a0150544-789d-f9a3-45e5-62b17b9e35d6','5d7f201d-3997-f9a7-2f89-62c4b67dbcd3'),('83a95225-c160-7458-c026-62b1861601f8','2022-06-21 08:53:17',0,'caaac9d7-447a-a4fc-19d8-62b186eeca13','82f92b62-56a5-fbd7-cea5-62b186d7e15b'),('85969c0f-6cb1-73fa-4255-62b17cffc172','2022-06-21 08:07:50',0,'58a0a789-7612-51e0-67c5-62b17b6a61cf','84af03ad-bd08-acd2-47b5-62b17cb81cc2'),('85a41aba-a8bc-96df-97e4-63106c9ce4d5','2022-09-01 08:27:06',0,'a1307a41-f74e-59f9-cc0a-63106c182050','852db87f-795d-ca67-637e-63106ccc8a83'),('87e50714-1933-8fd4-bdc2-6315211f29a7','2022-09-04 22:07:01',0,'b3dd8fd9-80f0-c3c1-a25a-63106c36230e','855b2180-b807-915d-e5ee-6315219f9b16'),('87e8d2c8-58d9-ea85-c1f3-62b18683fbdf','2022-06-21 08:53:17',0,'cd008b97-2166-46fc-432b-62b186503cfc','873870cb-feb6-58eb-df8b-62b18603e16d'),('89822be9-47d8-83f3-79e3-62b25daf031b','2022-06-22 00:07:02',0,'968710bc-d104-cea9-f308-62b17b75b637','823a3b35-b63b-26b9-38f0-62b25db043f4'),('8b7ae41a-0c16-aa48-ef1e-62c4b6c0a9b1','2022-07-05 22:07:02',0,'a0150544-789d-f9a3-45e5-62b17b9e35d6','89ba2b2f-8155-32ef-d11f-62c4b699c15b'),('8c7eb529-e866-57f9-f894-62b17c3132a5','2022-06-21 08:07:50',0,'5b4dee7f-f028-73e1-a286-62b17bf90790','8bb2f8d4-9f2c-90f7-07ce-62b17c0769e1'),('8c9cfc17-92c7-6f48-18ec-62b186142de5','2022-06-21 08:53:17',0,'d00620d3-54cc-c0e0-03ce-62b186050c1a','8bccfbfd-7719-ee1e-48f1-62b1866de65c'),('8d5f4a0f-b557-80df-0f88-63106ca553a7','2022-09-01 08:27:06',0,'a48f619e-8ea5-4f8f-076a-63106ca3af4f','8c918e36-87d7-f261-1173-63106c8e6da6'),('92195fa4-90a3-4300-60b8-62b17c720e88','2022-06-21 08:07:50',0,'5e1b6962-d327-ab62-3825-62b17bfdd97b','916e592d-2717-7526-6b5c-62b17cfa19e2'),('923b2876-1fa0-7ed4-0fac-62b25d0a127a','2022-06-22 00:07:02',0,'d9595c5a-6e5c-49c8-c57e-62b1864a615c','8e7d9527-561f-77b4-efce-62b25d983af4'),('93efbe47-0a94-680c-a839-62b186af3f33','2022-06-21 08:53:17',0,'d2b818da-0c18-cb58-42df-62b1867e535c','93397352-9cb1-33ed-b5a4-62b18655a95c'),('9454cfc6-4f04-7208-2716-631521d1980c','2022-09-04 22:07:01',0,'b3dd8fd9-80f0-c3c1-a25a-63106c36230e','8d8ba12c-e72c-870a-7842-6315217712d5'),('946d9440-28aa-7e6d-4c5d-63106cdb6cd5','2022-09-01 08:27:06',0,'a78a9e8a-7a10-cf67-54a9-63106cc16bde','93a5152d-d384-88d9-fe1d-63106c9980ef'),('98f1f4bb-b1fe-4396-9862-62b25dc588f0','2022-06-22 00:07:02',0,'968710bc-d104-cea9-f308-62b17b75b637','969564f5-af18-fc51-cbb8-62b25df11c55'),('9930bd92-b096-c157-1888-62b1866d2254','2022-06-21 08:53:17',0,'d4ecb3ea-f4d3-4424-29c0-62b1868c334c','98960b1e-da24-64e8-d810-62b18631d26b'),('997ab4b0-c5cc-8ed2-0de7-62d72b09080b','2022-07-19 22:07:01',0,'ab2e0791-b5b0-ee70-9558-62b17b6bb9b0','822a6505-f992-10c3-d3e2-62d72b727798'),('99e2ce01-792e-6fd4-72a8-62b17c4fdc29','2022-06-21 08:07:50',0,'60a94007-7541-b7e7-b31b-62b17bf544d0','982a5396-a1bb-e743-0636-62b17c911134'),('9b511fc1-171f-b075-e030-63106cbef87e','2022-09-01 08:27:06',0,'a9ebbf48-78fc-76bb-f6c4-63106c49036f','9a9037ac-0500-6de4-9459-63106c601fa6'),('9d5981ff-74fe-7134-e6e5-62c2139f1393','2022-07-03 22:07:01',0,'9d787004-420e-a8b9-469d-62b17bf55924','82d6f86e-cf92-dd19-0533-62c2139b5f31'),('9f009cf8-6bad-049c-03c6-62b1866e9348','2022-06-21 08:53:17',0,'d71075a9-5af1-b3af-3903-62b186f8484f','9e3459d9-24eb-bcbb-adc5-62b186c13d24'),('9f6f0381-c215-bbdb-41b6-6317c4e100c9','2022-09-06 22:07:02',0,'b634e637-4fb4-9706-ceab-63106c1ae8a4','858b7831-7c2e-5736-c73d-6317c4b5c689'),('9fd66e54-a0bb-7e1a-afe2-62b25d811ede','2022-06-22 00:07:02',0,'d9595c5a-6e5c-49c8-c57e-62b1864a615c','9d2be2cf-c304-d3db-7c68-62b25d7f03bb'),('a03bcc70-382b-b44e-4efc-62b17c72af4e','2022-06-21 08:07:50',0,'63b4bdba-44df-98a9-10d4-62b17b940520','9f827d71-cce8-3aee-3c04-62b17c35b20c'),('a1a9b42d-1997-067a-783f-63106cf25085','2022-09-01 08:27:06',0,'aceec211-1fc1-dee6-c5e2-63106c0dd4e2','a110f2b1-a3c6-e766-8515-63106cbaf588'),('a4a6df28-a765-552b-d627-62b8f4b45a2f','2022-06-27 00:07:01',0,'98e618a0-8222-6305-e930-62b17b1f43e1','918aaf63-fc4c-f4f2-0414-62b8f46cabbb'),('a4daa9d1-86fc-4f06-ef47-62d72b22b3d0','2022-07-19 22:07:01',0,'ab2e0791-b5b0-ee70-9558-62b17b6bb9b0','a280b6d0-8544-2074-7f50-62d72b806c6e'),('a59a03e7-551c-3fc2-9c6e-63106d4ab043','2022-09-01 08:28:23',0,'809fdc9d-7d41-9f40-a9e6-63106cbb0ae6','8faf09d6-f8d7-fe4a-9b9b-63106d893382'),('a68868ed-ce73-ad98-92fa-62b17ca33d9c','2022-06-21 08:07:50',0,'66da8ba8-398f-aac1-abb8-62b17b01e2b0','a5be4878-5d5e-14cb-875d-62b17cca4bbf'),('a83ef167-de35-9723-5ca9-63106ca40cd1','2022-09-01 08:27:06',0,'af2d86a5-5e0f-caf1-4c83-63106cb9ef5f','a77c2071-660d-e9dc-3617-63106ce7e244'),('a94abc8e-8c2b-0516-d7a9-62c213c91c72','2022-07-03 22:07:01',0,'9d787004-420e-a8b9-469d-62b17bf55924','a5eb6feb-a218-cb83-01c7-62c213d99dbd'),('a9ff7b72-a503-cc58-756e-62b17cd75c40','2022-06-21 08:09:12',0,'66da8ba8-398f-aac1-abb8-62b17b01e2b0','a8e62f59-1655-b3ae-6cd0-62b17c7d8099'),('ab6062f2-3220-5534-3ae0-6317c4f93e1e','2022-09-06 22:07:02',0,'b634e637-4fb4-9706-ceab-63106c1ae8a4','a90d2f49-91fe-54d7-0fec-6317c4338eb5'),('ad41ad25-677d-9163-1032-62b17cce33aa','2022-06-21 08:07:50',0,'6a445f37-7839-e762-53b9-62b17bda06bf','abef8f45-2868-2737-6a17-62b17c23484a'),('ae540734-0d06-fdf6-7a44-62b8f49884a4','2022-06-27 00:07:01',0,'de7527be-cf84-c188-cb2a-62b1863836ea','aae7e0b9-44b2-ab18-2635-62b8f4f8faa9'),('b05f90be-31c0-3e2b-5a00-62b18779e5fb','2022-06-21 08:53:58',0,'89834c6e-475d-dd56-e561-62b186f90340','afa47ebb-ddf7-a1f4-d13d-62b187a47310'),('b11b0979-8f52-46ec-3c35-63106c7329fb','2022-09-01 08:27:32',0,'a48f619e-8ea5-4f8f-076a-63106ca3af4f','a60c0073-4c9c-60e3-bb8c-63106c6c941f'),('b17afe36-fbe4-7423-5277-62b17c14ba3d','2022-06-21 08:09:12',0,'6a445f37-7839-e762-53b9-62b17bda06bf','b03fc423-18fb-b9ce-1e7e-62b17c0da2fc'),('b39ef72d-e789-cb63-498c-62b8f4134d41','2022-06-27 00:07:01',0,'98e618a0-8222-6305-e930-62b17b1f43e1','b14ea651-d288-636c-ec94-62b8f4ca0e23'),('b3b816f8-defa-72a0-ca80-6317c4b2e774','2022-09-06 22:07:02',0,'b634e637-4fb4-9706-ceab-63106c1ae8a4','b212bd3f-3e3d-5956-5a82-6317c4db0838'),('b5004d1b-af5a-ce65-f957-62b17c301c95','2022-06-21 08:07:50',0,'6dcdca9c-6458-01ac-af19-62b17bc02adc','b44c3211-7f33-e1f6-8858-62b17c9fdab4'),('b7070a7f-7bff-251a-afcc-62b1872189c9','2022-06-21 08:53:58',0,'98596476-ed6d-e2d0-275d-62b1868879e2','b63470ee-8a3f-607e-5ef9-62b187bf82f8'),('b7b15c60-7fe4-fe2d-ea2c-62b17c0ae1ec','2022-06-21 08:09:12',0,'6dcdca9c-6458-01ac-af19-62b17bc02adc','b6f633d9-a5de-a7f2-655e-62b17cf68797'),('b889e1a4-eff8-0297-c158-62b8f439c4ea','2022-06-27 00:07:01',0,'de7527be-cf84-c188-cb2a-62b1863836ea','b67db0ab-af82-ebe8-ef1f-62b8f437dca5'),('b9096d77-61fa-ce11-33d1-63106cd38044','2022-09-01 08:27:32',0,'809fdc9d-7d41-9f40-a9e6-63106cbb0ae6','b7c01105-09ff-f2f9-ffc6-63106cf76f6a'),('ba8bbcf9-0af4-f0fd-7c8d-62b17c5a52e2','2022-06-21 08:07:50',0,'712bc20c-bdd5-dd67-c878-62b17b1d483c','b9f411bf-a1d6-c78d-1bac-62b17c1e129b'),('bc57cf2f-01a5-77b7-6ecf-62b187d419d7','2022-06-21 08:53:58',0,'afa2354f-394a-bafc-d1f9-62b186a6d465','bbc4db2d-bb3a-a2b8-901c-62b1870d6302'),('bd633e53-0700-3afa-110f-62b17c30780d','2022-06-21 08:09:12',0,'712bc20c-bdd5-dd67-c878-62b17b1d483c','bca66dde-21bd-ca01-2b8d-62b17c6cf4c9'),('c0a616ad-e918-cccb-e3ea-62b17ce0f182','2022-06-21 08:07:50',0,'743244e7-6e1b-cf8e-ef3e-62b17b92272a','c008d645-98b2-5bee-4dae-62b17cedadf7'),('c23dafe1-2a01-c081-3e99-62b187b9d9af','2022-06-21 08:53:58',0,'caaac9d7-447a-a4fc-19d8-62b186eeca13','c18f0b25-ca88-43bb-5bf8-62b1872e0207'),('c3dbb95a-f770-2659-89ff-63106caaad1e','2022-09-01 08:27:32',0,'8d89183c-58c8-4aa0-2e0f-63106cc1aa5f','c3348c83-2b01-32a3-d3fa-63106c14ce26'),('c53afebb-a7a2-b167-9b9f-62b17cb2e548','2022-06-21 08:09:12',0,'743244e7-6e1b-cf8e-ef3e-62b17b92272a','c47f43ab-ccea-c314-da78-62b17c082591'),('c5f355b0-0c56-5c48-e330-62b17cee3caf','2022-06-21 08:07:50',0,'77664af3-bd90-51bd-5660-62b17b57e59e','c54d6d88-072f-2079-2fb9-62b17c340baf'),('c83901cc-fdcb-0fa9-4321-62b17ce8215a','2022-06-21 08:07:50',0,'93b53722-f198-5c73-a9bc-62b17bc128ba','bc3106a4-ec31-8cb1-dfd6-62b17cb9854f'),('c97777de-53b0-3797-a0c3-62b187a54c17','2022-06-21 08:53:58',0,'cd008b97-2166-46fc-432b-62b186503cfc','c8d07558-3eee-058e-0647-62b187556d4a'),('cab6a3e7-f755-c40e-e383-62b17ca75250','2022-06-21 08:09:12',0,'77664af3-bd90-51bd-5660-62b17b57e59e','c9fe5c31-ea6b-5044-b597-62b17c381219'),('cb658830-9192-4421-eef6-63106c6d9d15','2022-09-01 08:27:32',0,'9124d95e-2f55-8c77-8cdf-63106ca87e80','cabbef48-d808-3502-9bae-63106ce10f49'),('cbfff2bc-5771-19a4-bfed-62bb9734e910','2022-06-29 00:07:01',0,'9b312052-3238-af02-313b-62b17b480bcd','b7ad01f5-53fd-652a-bb12-62bb97ff9199'),('cc238e3c-437e-259f-b706-62b17c650c61','2022-06-21 08:07:50',0,'7b30a1f5-a226-c2a5-fc5a-62b17b26db99','cb63a850-033a-72c8-3c56-62b17c5ac406'),('cd9e04ac-3aae-8cf1-d934-62b17c89f903','2022-06-21 08:09:12',0,'93b53722-f198-5c73-a9bc-62b17bc128ba','c3900cd5-044a-8579-0ec7-62b17c6df51f'),('cee22d77-bd48-3dbb-7414-62b187244267','2022-06-21 08:53:58',0,'d00620d3-54cc-c0e0-03ce-62b186050c1a','ce44b2b6-cebf-4c29-272a-62b187a39a57'),('d0f00dd2-6472-18dc-484d-62b17c521f76','2022-06-21 08:07:50',0,'8d83d95a-3fc1-bf8c-bcee-62b17b8a38b2','99000ede-38ab-71de-850b-62b17c062993'),('d13e6471-7ca8-43c4-87eb-62b17c03e74b','2022-06-21 08:09:12',0,'7b30a1f5-a226-c2a5-fc5a-62b17b26db99','d07b6d32-b16a-dbcf-3487-62b17c8af92b'),('d1540359-e76e-07b3-53fa-62d488e4928c','2022-07-17 22:07:01',0,'a877d75a-054f-fa44-55c0-62b17b9e4a88','a813573e-d882-6db9-4d93-62d488c8d648'),('d45eccec-dde8-5ee1-b981-62b1873884f9','2022-06-21 08:53:58',0,'d2b818da-0c18-cb58-42df-62b1867e535c','d39e3854-f37f-e645-84a3-62b1873d2624'),('d5b2271a-a435-d618-077f-62bb9794da42','2022-06-29 00:07:01',0,'e0ffe353-02f5-ea97-4463-62b186ab6415','d2bd3da4-c18c-2ed5-fbc9-62bb9740c311'),('d6eefdab-74fe-416f-a6eb-62b17c301004','2022-06-21 08:07:50',0,'7ea2b6a3-9bb1-c510-d025-62b17b36dcd3','d64ddffc-7ccf-97b1-7401-62b17cc9725e'),('d763365d-3f76-39c4-5d1d-62b17c81c5ce','2022-06-21 08:09:12',0,'7ea2b6a3-9bb1-c510-d025-62b17b36dcd3','d6ab2487-cd3c-a15b-116e-62b17c4f9fd4'),('d8a9fae2-182d-fd85-3075-63106cb9f989','2022-09-01 08:27:32',0,'94044d1a-d8f9-b07d-8c06-63106c9597c7','d7f92bfa-2f93-462a-5be4-63106cc6a1ae'),('d9897e55-aea7-bf8a-c908-62b187d8da4a','2022-06-21 08:53:58',0,'d4ecb3ea-f4d3-4424-29c0-62b1868c334c','d8fa6f5f-a9e3-1552-4da1-62b187f923a3'),('dc064043-e672-bfaa-0ce8-62b17cc49b6b','2022-06-21 08:07:50',0,'8196d192-6fc7-4b0a-72e7-62b17b60bd67','db6fc39e-4a9f-001c-59bb-62b17c6b8ddc'),('dd57693e-4792-3a92-694e-62d488ab886e','2022-07-17 22:07:01',0,'a877d75a-054f-fa44-55c0-62b17b9e4a88','da6b56d0-5117-905d-2323-62d488a746af'),('dd7664d1-a105-6326-89b8-62b17c8e648c','2022-06-21 08:09:12',0,'8196d192-6fc7-4b0a-72e7-62b17b60bd67','dcbbf972-26ef-2bf4-9897-62b17caed61f'),('de4ecb5d-ac5a-ed83-0512-63127ed0b44a','2022-09-02 22:07:01',0,'b21785be-626b-35eb-6ec8-63106cfe2e14','c0622ae8-ff54-8d4b-a8e2-63127e630298'),('df078fe1-b0ec-66d7-6b5f-62b18799fb6f','2022-06-21 08:53:58',0,'d71075a9-5af1-b3af-3903-62b186f8484f','de6ecb9f-a133-5325-5627-62b187c49e7d'),('dfbc2216-b6b0-95f6-9a06-63106c836027','2022-09-01 08:27:32',0,'97fcfaa6-c6b6-c76a-f88a-63106c424d0e','df0d58c6-af85-09f2-f327-63106cb45f1d'),('e298f779-eaa5-f816-50d0-62b17c58f4a2','2022-06-21 08:07:50',0,'84af0427-f1e1-ba59-4eeb-62b17b0880ee','e20016e0-58aa-c098-c549-62b17c8d44b4'),('e3449634-13e7-4549-9cee-62b17cb855b5','2022-06-21 08:09:12',0,'84af0427-f1e1-ba59-4eeb-62b17b0880ee','e28c632d-3509-bc66-f37a-62b17c0707b5'),('e6f7d1ab-e57d-c011-a66c-63106c7d2eac','2022-09-01 08:27:32',0,'9ae1a520-6352-7c51-abf8-63106c858483','e63fd5d0-5419-0c08-32ac-63106c633f7a'),('e98c0de3-b72a-6faf-7810-62cdf0d15e9e','2022-07-12 22:07:02',0,'a55af390-bbad-c77e-9660-62b17b0dea3d','d15ba529-b0ce-5a52-2906-62cdf05e0857'),('e9b7b7f7-c52a-d734-8c38-62b17cb5fb59','2022-06-21 08:09:12',0,'87db68e7-3c49-da3e-a450-62b17bc5ff48','e8ff98bc-53c5-91f5-47e7-62b17c92a530'),('e9dd18bf-ee2b-63a0-b4ad-62b17cfd5652','2022-06-21 08:07:50',0,'87db68e7-3c49-da3e-a450-62b17bc5ff48','e907161e-3b95-9a7a-e1df-62b17c2310a1'),('ead14544-c794-221a-b201-62bb97fd7299','2022-06-29 00:07:01',0,'9b312052-3238-af02-313b-62b17b480bcd','e8badb62-9b91-a81a-eb05-62bb976a9048'),('eb0f03e4-e920-b6e3-58a9-63127ebdd4a2','2022-09-02 22:07:01',0,'b21785be-626b-35eb-6ec8-63106cfe2e14','e8cfff5f-bdec-2021-a1de-63127e2d6d48'),('ee577c97-ccf8-97d9-fd9a-63106caa7344','2022-09-01 08:27:32',0,'9d275f6d-b9be-cb65-2390-63106c3c4f9c','eda4c0ee-14bd-a62a-9cfd-63106c8a0b54'),('ef055340-2006-bd58-c262-62b17cadc0e4','2022-06-21 08:07:50',0,'8aa4288d-6fea-9d1a-b58f-62b17bc90faa','ee611fa3-4ce4-7c4a-72ba-62b17c4e8388'),('ef6e8892-c27a-a728-9434-62b17c325fb3','2022-06-21 08:09:12',0,'8aa4288d-6fea-9d1a-b58f-62b17bc90faa','eec86c98-7b8d-bec3-5ecc-62b17c0b83a1'),('f11c97c3-4e8b-86d7-a005-62bb97c31ae5','2022-06-29 00:07:01',0,'e0ffe353-02f5-ea97-4463-62b186ab6415','eee94a14-b77e-859c-0a39-62bb979cc90f'),('f34f0097-d1e6-8733-7d4f-62cdf0b34bb0','2022-07-12 22:07:02',0,'a55af390-bbad-c77e-9660-62b17b0dea3d','f1853c15-e520-e90b-1636-62cdf0dd5c51');
REPLACE INTO `stic_bookings` (`id`, `name`, `date_entered`, `date_modified`, `modified_user_id`, `created_by`, `description`, `deleted`, `assigned_user_id`, `status`, `all_day`, `start_date`, `end_date`, `code`, `parent_type`, `parent_id`) VALUES ('1f5558e3-0576-0a07-0c2f-63060d174a34','Reserva 00004','2022-08-24 11:36:03','2022-09-01 07:52:58','9','9',NULL,0,'9','confirmed',0,'2022-08-17 09:00:00','2022-08-18 09:00:00',4,'Accounts','c6210139-0fa2-cd22-2d6c-629a164c9a3f'),('32d2e26d-b44e-91f3-740f-631072dfff9f','Reserva 00007','2022-09-01 08:49:39','2022-09-01 08:49:39','9','9','',0,'9','confirmed',0,'2022-08-15 09:00:00','2022-08-19 09:00:00',7,'Accounts',''),('40cec08d-cd0f-8e00-a056-631071e2e02f','Reserva 00006','2022-09-01 08:48:24','2022-09-01 08:48:24','9','9','',0,'9','confirmed',0,'2022-05-01 09:00:00','2022-05-15 09:00:00',6,'Accounts',''),('572fa6ce-5317-78e5-e168-631072f65585','Reserva 00008','2022-09-01 08:50:32','2022-09-01 08:50:32','9','9','',0,'9','confirmed',0,'2022-08-23 09:00:00','2022-08-26 09:00:00',8,'Accounts',''),('750af587-3b71-cb5a-73bb-62a21322b06f','Reserva 00002','2022-06-09 15:34:49','2022-06-09 15:34:49','9','9','',0,'9','confirmed',0,'2022-06-16 14:00:00','2022-06-16 16:30:00',2,'Accounts',''),('7fc7ab12-9c52-e999-76fa-62a21204a2a4','Reserva 00001','2022-06-09 15:34:03','2022-06-09 15:34:03','9','9','',0,'9','confirmed',1,'2022-06-07 22:00:00','2022-06-09 22:00:00',1,'Accounts',''),('d506e4ff-7bf2-39fe-8a6e-63060d242d39','Reserva 00005','2022-08-24 11:36:37','2022-08-24 11:36:37','2','9','',0,'9','confirmed',0,'2022-09-01 09:00:00','2022-09-08 09:00:00',5,'Accounts','c6210139-0fa2-cd22-2d6c-629a164c9a3f'),('df6a7637-97de-b9b9-c72d-62a213be9fb1','Reserva 00003','2022-06-09 15:36:09','2022-06-09 15:36:09','9','9','',0,'9','pending',0,'2022-06-30 09:00:00','2023-12-01 10:00:00',3,'Accounts','');
REPLACE INTO `stic_bookings_accounts_c` (`id`, `date_modified`, `deleted`, `stic_bookings_accountsaccounts_ida`, `stic_bookings_accountsstic_bookings_idb`) VALUES ('772cae52-22eb-50b2-8f8d-62a213362475','2022-06-09 15:34:49',0,'c6210139-0fa2-cd22-2d6c-629a164c9a3f','750af587-3b71-cb5a-73bb-62a21322b06f'),('e235185b-6aba-a598-19b2-62a213ce0f45','2022-06-09 15:36:09',0,'af067076-a0c4-b118-1be1-629a16c717bf','df6a7637-97de-b9b9-c72d-62a213be9fb1');
REPLACE INTO `stic_bookings_contacts_c` (`id`, `date_modified`, `deleted`, `stic_bookings_contactscontacts_ida`, `stic_bookings_contactsstic_bookings_idb`) VALUES ('21b7f1fe-ef4a-b824-d49f-63060de83766','2022-08-24 11:36:03',0,'d92c4188-332c-4e3b-5bfd-629a16e9e934','1f5558e3-0576-0a07-0c2f-63060d174a34'),('34e12c92-8c48-6b5e-0962-6310727379ed','2022-09-01 08:49:39',0,'9909bd90-593c-fae8-0a86-629a16d0aaab','32d2e26d-b44e-91f3-740f-631072dfff9f'),('435cfb9f-e56b-1de5-9384-631071a965d2','2022-09-01 08:48:24',0,'b4c40f64-afc8-1733-4bee-629a16745a7d','40cec08d-cd0f-8e00-a056-631071e2e02f'),('59616f80-69f7-4e29-f6b8-6310720f937e','2022-09-01 08:50:32',0,'d92c4188-332c-4e3b-5bfd-629a16e9e934','572fa6ce-5317-78e5-e168-631072f65585'),('8a659cb4-52c5-4d8e-f889-62a2125bb07b','2022-06-09 15:34:03',0,'a8118958-757f-b13f-686d-629a16b30c2d','7fc7ab12-9c52-e999-76fa-62a21204a2a4'),('d6fa433d-b01b-6676-c39c-63060d993690','2022-08-24 11:36:37',0,'d92c4188-332c-4e3b-5bfd-629a16e9e934','d506e4ff-7bf2-39fe-8a6e-63060d242d39');
REPLACE INTO `stic_contacts_relationships` (`id`, `name`, `date_entered`, `date_modified`, `modified_user_id`, `created_by`, `description`, `deleted`, `assigned_user_id`, `start_date`, `end_date`, `relationship_type`, `end_reason`, `other_end_reasons`, `role`, `active`) VALUES ('140ae765-34f0-3dbd-3ab9-629ef80d1c91','Zacarías Cisneros Balaguer - Socio/a','2022-06-07 07:05:27','2022-08-24 11:38:19','2','9',NULL,0,'9','2022-06-07','2022-08-24','member',NULL,NULL,NULL,0),('17e90038-0b52-6616-5699-629ef4bf9aaa','Manolo Lasa Casanova - Socio/a','2022-06-07 06:49:23','2022-06-09 15:01:59','9','9',NULL,0,'9','2015-01-01',NULL,'member',NULL,NULL,NULL,1),('269bf966-b476-638d-74e5-631069007012','Marianela Soto Camps - Voluntario/a','2022-09-01 08:13:27','2022-09-01 08:13:27','9','9','',0,'9','2022-06-01',NULL,'volunteer','','','',1),('286a770b-d1fe-1898-cf79-630610e25bde','Maite Novoa Marcos - Voluntario/a','2022-08-24 11:50:49','2022-08-24 11:50:49','2','9','',0,'9','2021-04-01',NULL,'beneficiary','','','',1),('4bef21dd-0336-fdab-bbd1-631068bce3f0','Manolo Lasa Casanova - Voluntario/a','2022-09-01 08:10:37','2022-09-01 08:10:37','9','9','',0,'9','2022-09-01',NULL,'volunteer','','','',1),('54c09835-e1e1-99e4-d830-630610a9c926','Edu Velázquez - Junta directiva / Patronato','2022-08-24 11:52:07','2022-09-01 07:54:46','9','9',NULL,0,'9','2021-04-01','2022-03-31','board_directors',NULL,NULL,NULL,0),('5a2d6547-dba5-eb55-7607-62a215b125f7','Susana Vázquez López - Usuario/a de servicios','2022-06-09 15:47:11','2022-06-09 15:47:11','9','9','',0,'9','2022-06-09',NULL,'beneficiary','','','user',1),('71886bc2-9f01-1415-866d-629ef49f61f1','Marianela Soto Camps - Donante','2022-06-07 06:46:38','2022-06-09 15:01:07','9','9',NULL,0,'9','2022-06-07',NULL,'donor',NULL,NULL,NULL,1),('75066552-508e-351a-128c-62a216436b1a','Leo Sans - Usuario/a de servicios','2022-06-09 15:49:22','2022-08-24 11:38:26','2','9',NULL,0,'9','2022-06-09','2022-08-24','beneficiary',NULL,NULL,'user',0),('76736750-eef0-a222-208f-629ef5239059','Ximena Aragón Noriega - Trabajador/a','2022-06-07 06:52:13','2022-06-09 14:59:53','9','9',NULL,0,'9','2022-02-07',NULL,'employee',NULL,NULL,NULL,1),('7abdc28e-c89e-a55d-ffee-629ef4579914','Gustavo Cal-Jerez - Socio/a','2022-06-07 06:48:15','2022-06-09 15:00:30','9','9',NULL,0,'9','2022-06-07',NULL,'volunteer',NULL,NULL,NULL,1),('872831fb-57f1-f244-5ee4-629ef4107b7f','Florencia Duarte Barco - Usuario/a de servicios','2022-06-07 06:47:45','2022-06-09 15:00:59','9','9',NULL,0,'9','2022-04-02',NULL,'beneficiary',NULL,NULL,NULL,1),('8c4b8305-66c7-c548-79e0-629ef4fefcc7','Jordana Villanueva Téllez - Junta directiva / Patronato','2022-06-07 06:47:11','2022-08-24 11:38:12','2','9',NULL,0,'9','2020-06-07','2022-08-24','board_directors',NULL,NULL,NULL,0),('973f749a-413c-27c2-6bab-6310698c9f69','Gustavo Cal-Jerez - Voluntario/a','2022-09-01 08:12:39','2022-09-01 08:12:39','9','9','',0,'9','2022-03-01',NULL,'volunteer','','','',1),('aaff5a16-aa9c-ee70-3423-629ef54b1c5f','Edu Velázquez - Usuario/a de servicios','2022-06-07 06:50:13','2022-06-09 15:00:04','9','9',NULL,0,'9','2022-06-07',NULL,'beneficiary',NULL,NULL,NULL,1),('b3b215c5-1d3a-e041-626d-629ef5a69b09','Manolo Lasa Casanova - Trabajador/a','2022-06-07 06:49:36','2022-06-09 15:01:22','9','9',NULL,0,'9','2015-01-01',NULL,'employee',NULL,NULL,NULL,1),('d3aa0c35-e6fb-68c1-1141-629ef494e655','Maite Novoa Marcos - Voluntario/a','2022-06-07 06:48:48','2022-09-01 08:11:44','9','9',NULL,0,'9','2021-01-01','2022-06-06','volunteer',NULL,NULL,NULL,0),('e5cb6ff0-cb61-9728-5fe3-630611e04f73','Edu Velázquez - Socio/a','2022-08-24 11:53:01','2022-09-01 08:20:38','9','9',NULL,0,'9','2020-11-03',NULL,'member',NULL,NULL,NULL,1),('e65b22ad-c0bc-e997-1903-629ef4386b39','Ángel Armengol Goicoechea - Socio/a','2022-06-07 06:48:00','2022-09-01 08:20:28','9','9',NULL,0,'9','2020-04-01',NULL,'member',NULL,NULL,NULL,1);
REPLACE INTO `stic_contacts_relationships_contacts_c` (`id`, `date_modified`, `deleted`, `stic_contacts_relationships_contactscontacts_ida`, `stic_contae394onships_idb`) VALUES ('15c598de-15e5-6329-6b1d-629ef89514b1','2022-06-07 07:05:27',0,'bf5bcdcd-4a4a-27e3-8e28-629a16cd699c','140ae765-34f0-3dbd-3ab9-629ef80d1c91'),('289d77e0-b284-22e7-0ea9-631069d7db59','2022-09-01 08:13:27',0,'cf8e6331-ed60-0df4-f3f4-629a16167e3d','269bf966-b476-638d-74e5-631069007012'),('2ae0ac4a-ac3b-a80e-3bed-630610b881f0','2022-08-24 11:50:49',0,'64dd868d-4554-fc20-5434-629a16216f28','286a770b-d1fe-1898-cf79-630610e25bde'),('33b305a3-2be0-2278-b305-629ef427ea89','2022-06-07 06:49:23',0,'715fb17c-6841-48b8-1478-629a168650d3','17e90038-0b52-6616-5699-629ef4bf9aaa'),('4e31b9c2-2b75-c9ee-927a-631068cde453','2022-09-01 08:10:37',0,'715fb17c-6841-48b8-1478-629a168650d3','4bef21dd-0336-fdab-bbd1-631068bce3f0'),('56ad5415-b361-8691-42d1-630610d2c890','2022-08-24 11:52:07',0,'d92c4188-332c-4e3b-5bfd-629a16e9e934','54c09835-e1e1-99e4-d830-630610a9c926'),('5c43619d-02a3-d974-94fe-62a215b2bd64','2022-06-09 15:47:11',0,'50fcf1d5-3c66-c3fa-12a0-62a215ccff26','5a2d6547-dba5-eb55-7607-62a215b125f7'),('73b8cb2c-d755-244f-c426-629ef491e966','2022-06-07 06:46:38',0,'cf8e6331-ed60-0df4-f3f4-629a16167e3d','71886bc2-9f01-1415-866d-629ef49f61f1'),('76d9d3bf-410b-0193-ea41-62a21696f61d','2022-06-09 15:49:22',0,'e3c9d0cc-6210-9f62-e8c2-62a216d2ca26','75066552-508e-351a-128c-62a216436b1a'),('783d03c6-8d7c-d14a-4b42-629ef5a23ed6','2022-06-07 06:52:13',0,'b4c40f64-afc8-1733-4bee-629a16745a7d','76736750-eef0-a222-208f-629ef5239059'),('7c75c231-85db-b454-aadc-629ef45e7832','2022-06-07 06:48:15',0,'9909bd90-593c-fae8-0a86-629a16d0aaab','7abdc28e-c89e-a55d-ffee-629ef4579914'),('88f06ce6-f81e-9410-3c0e-629ef4c2e620','2022-06-07 06:47:45',0,'7cca2ead-1566-49c3-846f-629a16df6f37','872831fb-57f1-f244-5ee4-629ef4107b7f'),('8e1c2278-e475-cebc-53fc-629ef4cb2d91','2022-06-07 06:47:11',0,'a8118958-757f-b13f-686d-629a16b30c2d','8c4b8305-66c7-c548-79e0-629ef4fefcc7'),('997c7d6e-dab0-4689-c629-631069a499aa','2022-09-01 08:12:39',0,'9909bd90-593c-fae8-0a86-629a16d0aaab','973f749a-413c-27c2-6bab-6310698c9f69'),('acf2db26-07c7-2337-ad8d-629ef5ee3c4e','2022-06-07 06:50:13',0,'d92c4188-332c-4e3b-5bfd-629a16e9e934','aaff5a16-aa9c-ee70-3423-629ef54b1c5f'),('b59e064c-2e54-03b3-3332-629ef51b671c','2022-06-07 06:49:36',0,'715fb17c-6841-48b8-1478-629a168650d3','b3b215c5-1d3a-e041-626d-629ef5a69b09'),('e7c37f25-0527-21c7-fffd-630611402413','2022-08-24 11:53:01',0,'d92c4188-332c-4e3b-5bfd-629a16e9e934','e5cb6ff0-cb61-9728-5fe3-630611e04f73'),('e837f2b7-0843-9973-8b6d-629ef4cc801c','2022-06-07 06:48:00',0,'8af87a2b-f754-b106-c530-629a1603544a','e65b22ad-c0bc-e997-1903-629ef4386b39'),('f0e20d92-e15b-703a-091b-629ef43c3f76','2022-06-07 06:48:48',0,'64dd868d-4554-fc20-5434-629a16216f28','d3aa0c35-e6fb-68c1-1141-629ef494e655');
REPLACE INTO `stic_contacts_relationships_project_c` (`id`, `date_modified`, `deleted`, `stic_contacts_relationships_projectproject_ida`, `stic_conta0d5aonships_idb`) VALUES ('2e6ae7c7-90d1-2583-d28e-630610a94560','2022-08-24 11:50:49',0,'628eddc3-4308-c649-a389-62a2097d517f','286a770b-d1fe-1898-cf79-630610e25bde'),('41f095bf-3b4a-2bb4-33bd-62a20afdab38','2022-06-09 14:59:53',0,'628eddc3-4308-c649-a389-62a2097d517f','76736750-eef0-a222-208f-629ef5239059'),('479be142-8dea-2ba0-aacf-62a20ae86b7c','2022-06-09 15:00:04',0,'304778dc-b17b-4bc3-6190-62a209a952fb','aaff5a16-aa9c-ee70-3423-629ef54b1c5f'),('68f3fb13-0f4e-c9bf-ffc5-62a2153dfe19','2022-06-09 15:47:11',0,'ec1e4b88-9a2b-c234-e8e0-62a215e91f9a','5a2d6547-dba5-eb55-7607-62a215b125f7'),('7d6af9fd-5bb2-e6d4-5df1-62a20b6ee00c','2022-06-09 15:01:59',0,'b6a4ff5c-2e49-5fb9-a258-62a20ab7eff6','17e90038-0b52-6616-5699-629ef4bf9aaa'),('7fef8ef1-3027-b6db-e249-62a216c1386d','2022-06-09 15:49:22',0,'ec1e4b88-9a2b-c234-e8e0-62a215e91f9a','75066552-508e-351a-128c-62a216436b1a'),('9f4a092d-41ba-b3a2-e101-62a20b582710','2022-06-09 15:00:15',0,'628eddc3-4308-c649-a389-62a2097d517f','d3aa0c35-e6fb-68c1-1141-629ef494e655'),('9f99c69d-f9bd-c348-57af-62a20baa67ec','2022-06-09 15:01:59',0,'b6a4ff5c-2e49-5fb9-a258-62a20ab7eff6','e65b22ad-c0bc-e997-1903-629ef4386b39'),('a76c9e9f-77bd-7c05-b384-6310691dc688','2022-09-01 08:12:39',0,'b6a4ff5c-2e49-5fb9-a258-62a20ab7eff6','973f749a-413c-27c2-6bab-6310698c9f69'),('aa7a6b45-373e-25ef-8059-62a20b45a84c','2022-06-09 15:01:22',0,'304778dc-b17b-4bc3-6190-62a209a952fb','b3b215c5-1d3a-e041-626d-629ef5a69b09'),('b0f53618-b210-aaa4-a6b2-62a20ba8bb37','2022-06-09 15:00:59',0,'de60707a-adbf-c2f4-6f5c-62a20a435db3','872831fb-57f1-f244-5ee4-629ef4107b7f'),('b51ebde9-d9c1-7f76-6ccd-62a20b2ed8ea','2022-06-09 15:01:59',0,'b6a4ff5c-2e49-5fb9-a258-62a20ab7eff6','8c4b8305-66c7-c548-79e0-629ef4fefcc7'),('be164ab8-19a7-726d-51b2-62a20b5a45f5','2022-06-09 15:00:30',0,'304778dc-b17b-4bc3-6190-62a209a952fb','7abdc28e-c89e-a55d-ffee-629ef4579914'),('d70c06de-a12d-8aa5-8ce9-62a20a8a5f6d','2022-06-09 14:59:33',0,'b6a4ff5c-2e49-5fb9-a258-62a20ab7eff6','140ae765-34f0-3dbd-3ab9-629ef80d1c91'),('e39c538e-7c21-eac3-7756-62a20b20c504','2022-06-09 15:01:07',0,'de60707a-adbf-c2f4-6f5c-62a20a435db3','71886bc2-9f01-1415-866d-629ef49f61f1'),('ebb51de8-fdaf-5b55-ee42-63061194846d','2022-08-24 11:53:01',0,'b6a4ff5c-2e49-5fb9-a258-62a20ab7eff6','e5cb6ff0-cb61-9728-5fe3-630611e04f73');
REPLACE INTO `stic_events` (`id`, `name`, `date_entered`, `date_modified`, `modified_user_id`, `created_by`, `description`, `deleted`, `assigned_user_id`, `type`, `status`, `start_date`, `end_date`, `timetable`, `discard_reason`, `max_attendees`, `status_not_invited`, `status_invited`, `status_confirmed`, `status_rejected`, `status_maybe`, `status_didnt_take_part`, `status_took_part`, `status_drop_out`, `budget`, `expected_cost`, `actual_cost`, `expected_income`, `actual_income`, `price`, `attendees`, `total_hours`, `session_amount`) VALUES ('4531e06e-a561-48c0-966f-62b17b639f78','Taller de creación de comics','2022-06-21 08:05:37','2022-08-24 11:47:01','2','9',NULL,0,'9','workshop',NULL,'2022-04-01','2022-07-31',NULL,NULL,12,0,2,2,0,0,0,0,0,0.00,0.00,0.00,0.00,0.00,0.00,0,68.00,NULL),('4e7d0ae6-9935-f81a-8ff5-63106af4f168','Asamblea de socios 2021','2022-09-01 08:18:26','2022-09-01 08:22:58','9','9',NULL,0,'9','congress','done','2021-05-11','2021-05-11','15:00 a 17:00',NULL,100,0,0,3,0,0,0,0,0,0.00,0.00,0.00,0.00,0.00,0.00,0,0.00,NULL),('80723781-cee6-061a-5156-62b1863411a4','Formación online para mediadores vecinales','2022-06-21 08:51:36','2022-06-21 08:53:58','9','9',NULL,0,'9','course',NULL,'2022-06-01',NULL,NULL,NULL,0,0,0,1,0,0,0,1,0,0.00,0.00,0.00,0.00,0.00,0.00,0,19.50,NULL),('cba91eba-7031-a016-4fb7-62a211b0e4b9','Charla coloquio sobre derecho a la vivienda','2022-06-09 15:26:54','2022-06-09 15:30:55','9','9',NULL,0,'9','workshop','active','2022-06-16',NULL,NULL,NULL,15,0,0,5,0,0,0,0,0,0.00,0.00,0.00,0.00,0.00,0.00,0,0.00,NULL),('e4f5cb04-41e8-3c9c-cf16-63106c674435','Sesiones grupales de arteterapia','2022-09-01 08:25:19','2022-09-01 08:28:23','9','9',NULL,0,'9','workshop','active','2022-08-08','2022-09-08',NULL,NULL,10,0,1,1,0,0,0,2,0,0.00,0.00,0.00,0.00,0.00,0.00,0,16.00,NULL);
REPLACE INTO `stic_events_project_c` (`id`, `date_modified`, `deleted`, `stic_events_projectproject_ida`, `stic_events_projectstic_events_idb`) VALUES ('47acf15e-b299-62f6-747d-62b17bae95b8','2022-06-21 08:05:37',0,'304778dc-b17b-4bc3-6190-62a209a952fb','4531e06e-a561-48c0-966f-62b17b639f78'),('81b1ac13-cfb0-f328-28b9-62b186d46de1','2022-06-21 08:51:36',0,'628eddc3-4308-c649-a389-62a2097d517f','80723781-cee6-061a-5156-62b1863411a4'),('d6b01b35-ad4b-9141-cd18-62a2111ef73f','2022-06-09 15:26:54',0,'628eddc3-4308-c649-a389-62a2097d517f','cba91eba-7031-a016-4fb7-62a211b0e4b9'),('e698a3c6-4686-5569-8fd0-63106ca572d5','2022-09-01 08:25:19',0,'304778dc-b17b-4bc3-6190-62a209a952fb','e4f5cb04-41e8-3c9c-cf16-63106c674435');
REPLACE INTO `stic_followups` (`id`, `name`, `date_entered`, `date_modified`, `modified_user_id`, `created_by`, `description`, `deleted`, `assigned_user_id`, `channel`, `type`, `status`, `start_date`, `duration`, `subtype`, `attendees`, `pending_actions`, `contact_id_c`, `account_id_c`, `stic_followups_id1_c`) VALUES ('9532501f-0929-be18-728b-62a0847ef103','Florencia Duarte Barco - Seguimiento escolar - 09/06/2022','2022-06-08 11:14:46','2022-08-24 11:32:40','2','9',NULL,0,'9',NULL,'school','done','2022-06-09 09:00:00',2,NULL,NULL,NULL,'a8118958-757f-b13f-686d-629a16b30c2d','',''),('e0c97f9d-4fa5-1645-68fe-62a21ae9592b','Susana Vázquez López - Entrevista inicial - 28/05/2022','2022-06-09 16:07:41','2022-06-09 16:07:41','9','9','Se comenta con la usuaria la importancia de iniciar una acción formativa específica...',0,'9','','interview1','done','2022-05-28 09:00:00',30,'','^user^','','','',''),('ea2866be-02bf-bb1e-a045-63060c0d7192','Edu Velázquez - Entrevista inicial - 01/10/2022','2022-08-24 11:32:10','2022-08-24 11:32:46','2','9',NULL,0,'9',NULL,'interview1','planned','2022-10-01 09:00:00',30,NULL,NULL,NULL,'','','');
REPLACE INTO `stic_followups_contacts_c` (`id`, `date_modified`, `deleted`, `stic_followups_contactscontacts_ida`, `stic_followups_contactsstic_followups_idb`) VALUES ('9782c591-6e90-2b45-6a6d-62a084d1e5bd','2022-06-08 11:14:46',0,'7cca2ead-1566-49c3-846f-629a16df6f37','9532501f-0929-be18-728b-62a0847ef103'),('e32080b6-94f9-e2bf-8501-62a21ad8c439','2022-06-09 16:07:41',0,'50fcf1d5-3c66-c3fa-12a0-62a215ccff26','e0c97f9d-4fa5-1645-68fe-62a21ae9592b'),('ecb85d0a-569d-f6ed-fd97-63060ca6cc83','2022-08-24 11:32:10',0,'d92c4188-332c-4e3b-5bfd-629a16e9e934','ea2866be-02bf-bb1e-a045-63060c0d7192');
REPLACE INTO `stic_followups_project_c` (`id`, `date_modified`, `deleted`, `stic_followups_projectproject_ida`, `stic_followups_projectstic_followups_idb`) VALUES ('f0800f18-ad91-c589-79ce-62a21ac21d28','2022-06-09 16:07:41',0,'ec1e4b88-9a2b-c234-e8e0-62a215e91f9a','e0c97f9d-4fa5-1645-68fe-62a21ae9592b'),('f2136f22-2623-9522-67b8-63060c371fc5','2022-08-24 11:32:10',0,'b6a4ff5c-2e49-5fb9-a258-62a20ab7eff6','ea2866be-02bf-bb1e-a045-63060c0d7192');
REPLACE INTO `stic_goals` (`id`, `name`, `date_entered`, `date_modified`, `modified_user_id`, `created_by`, `description`, `deleted`, `assigned_user_id`, `start_date`, `expected_end_date`, `status`, `origin`, `level`, `area`, `subarea`, `actual_end_date`, `follow_up`) VALUES ('97540e2b-dacb-20a9-8b56-62a2196ad650','Iniciar itinerario de búsqueda de empleo','2022-06-09 16:03:04','2022-06-09 16:03:04','9','9','',0,'9','2022-06-01',NULL,'','assessment','','','',NULL,''),('b729a4f4-acb8-103d-3b5c-63060bea5d28','Técnicas de negociación','2022-08-24 11:31:11','2022-08-24 11:31:11','2','9','',0,'9','2022-10-01',NULL,'','assessment','basic','','',NULL,''),('c2c68a26-a92c-f461-65ab-63060b1e7197','Mejorar la comunicación de equipo','2022-08-24 11:30:27','2022-08-24 11:30:27','2','9','',0,'9','2022-09-01',NULL,'','assessment','','','',NULL,''),('f11b7f5b-3109-f40e-731a-62a21aa97535','Derivación a programa formativo','2022-06-09 16:05:31','2022-06-09 16:05:31','9','9','',0,'9','2022-06-09',NULL,'planned','assessment','basic','','',NULL,'');
REPLACE INTO `stic_goals_contacts_c` (`id`, `date_modified`, `deleted`, `stic_goals_contactscontacts_ida`, `stic_goals_contactsstic_goals_idb`) VALUES ('b948c24c-3eb5-d3ca-8356-63060b5e0c34','2022-08-24 11:31:11',0,'d92c4188-332c-4e3b-5bfd-629a16e9e934','b729a4f4-acb8-103d-3b5c-63060bea5d28'),('c07d0103-0048-d97e-68cd-62a219c7d8c7','2022-06-09 16:03:04',0,'e3c9d0cc-6210-9f62-e8c2-62a216d2ca26','97540e2b-dacb-20a9-8b56-62a2196ad650'),('c5a222c4-2ee2-6ba9-de79-63060b006d35','2022-08-24 11:30:27',0,'d92c4188-332c-4e3b-5bfd-629a16e9e934','c2c68a26-a92c-f461-65ab-63060b1e7197'),('f38c2f1d-4205-8b1e-9cd7-62a21ae6e2b9','2022-06-09 16:05:31',0,'50fcf1d5-3c66-c3fa-12a0-62a215ccff26','f11b7f5b-3109-f40e-731a-62a21aa97535');
REPLACE INTO `stic_goals_project_c` (`id`, `date_modified`, `deleted`, `stic_goals_projectproject_ida`, `stic_goals_projectstic_goals_idb`) VALUES ('1e2da2bf-3b5b-832b-dbb1-62a219756d03','2022-06-09 16:03:04',0,'ec1e4b88-9a2b-c234-e8e0-62a215e91f9a','97540e2b-dacb-20a9-8b56-62a2196ad650'),('65840863-9677-aa70-1b36-62a21ad630eb','2022-06-09 16:05:31',0,'ec1e4b88-9a2b-c234-e8e0-62a215e91f9a','f11b7f5b-3109-f40e-731a-62a21aa97535');
REPLACE INTO `stic_goals_stic_assessments_c` (`id`, `date_modified`, `deleted`, `stic_goals_stic_assessmentsstic_assessments_ida`, `stic_goals_stic_assessmentsstic_goals_idb`) VALUES ('2b872ea9-f5f9-3870-e919-62a2194ecaa8','2022-06-09 16:03:04',0,'560d670d-d4c7-63dd-67b0-62a219914e10','97540e2b-dacb-20a9-8b56-62a2196ad650'),('bacec28a-8dcd-9c2b-9b7e-63060bfd17d5','2022-08-24 11:31:11',0,'e089245a-ccdb-b13e-6a7a-63060b8d75c2','b729a4f4-acb8-103d-3b5c-63060bea5d28'),('c8bff86f-50fd-63ac-bb4a-63060bdf5d77','2022-08-24 11:30:27',0,'e089245a-ccdb-b13e-6a7a-63060b8d75c2','c2c68a26-a92c-f461-65ab-63060b1e7197'),('f0dc05fb-5087-03f8-dcaf-62a21a7a33b6','2022-06-09 16:05:31',0,'41be78f7-bc8c-50f8-8bad-62a21ad15087','f11b7f5b-3109-f40e-731a-62a21aa97535');
REPLACE INTO `stic_job_applications` (`id`, `name`, `date_entered`, `date_modified`, `modified_user_id`, `created_by`, `description`, `deleted`, `assigned_user_id`, `start_date`, `end_date`, `status`, `status_details`, `motivations`, `preinsertion_observations`, `contract_start_date`, `contract_end_date`, `contract_end_reason`, `postinsertion_observations`, `rejection_reason`) VALUES ('45b5b196-c4d2-00ff-e25f-62a218e6fdf9','Edu Velázquez - Animador actividades lectura','2022-06-09 15:58:05','2022-06-09 15:58:05','9','9','',0,'9','2022-06-15',NULL,'pending_interview','','','',NULL,NULL,'','',''),('7e4f6caf-0726-3c34-9222-62a2174f6282','Susana Vázquez López - Vendedor','2022-06-09 15:53:09','2022-06-09 15:53:09','9','9','',0,'9','2022-06-09',NULL,'interviewed','','','',NULL,NULL,'','',''),('88e1ad8a-65d5-4240-0a63-62a218776c5e','Gustavo Cal-Jerez - Animador actividades lectura','2022-06-09 15:57:36','2022-06-09 15:58:58','9','9',NULL,0,'9','2022-06-13','2022-06-13','rejected_closed',NULL,NULL,NULL,NULL,NULL,NULL,NULL,'not_profile'),('b846f37a-e7f4-2119-db03-62a21706ce68','Leo Sans - Vendedor','2022-06-09 15:52:21','2022-06-09 15:54:16','9','9',NULL,0,'9','2022-06-10',NULL,'pending_interview',NULL,NULL,NULL,NULL,NULL,NULL,NULL,NULL);
REPLACE INTO `stic_job_applications_contacts_c` (`id`, `date_modified`, `deleted`, `stic_job_applications_contactscontacts_ida`, `stic_job_applications_contactsstic_job_applications_idb`) VALUES ('48637494-0753-bf1f-740e-62a218ef435c','2022-06-09 15:58:05',0,'d92c4188-332c-4e3b-5bfd-629a16e9e934','45b5b196-c4d2-00ff-e25f-62a218e6fdf9'),('805d1f19-6007-c30b-fa90-62a217c3f503','2022-06-09 15:53:09',0,'50fcf1d5-3c66-c3fa-12a0-62a215ccff26','7e4f6caf-0726-3c34-9222-62a2174f6282'),('c75e5c4e-046d-569c-4fc9-62a217106953','2022-06-09 15:52:21',0,'e3c9d0cc-6210-9f62-e8c2-62a216d2ca26','b846f37a-e7f4-2119-db03-62a21706ce68'),('dd863616-089f-6c16-1dbb-62a2182fcc28','2022-06-09 15:58:25',0,'9909bd90-593c-fae8-0a86-629a16d0aaab','88e1ad8a-65d5-4240-0a63-62a218776c5e');
REPLACE INTO `stic_job_applications_stic_job_offers_c` (`id`, `date_modified`, `deleted`, `stic_job_applications_stic_job_offersstic_job_offers_ida`, `stic_job_applications_stic_job_offersstic_job_applications_idb`) VALUES ('53298ea7-131a-fdbc-7733-62a2187ca6a6','2022-06-09 15:58:05',0,'354fcccc-f680-6af6-af30-62a2181845af','45b5b196-c4d2-00ff-e25f-62a218e6fdf9'),('931870dc-4572-c620-b6ca-62a21814534b','2022-06-09 15:57:36',0,'354fcccc-f680-6af6-af30-62a2181845af','88e1ad8a-65d5-4240-0a63-62a218776c5e'),('9cd41cf5-5ef5-69cd-b35a-62a2170039f1','2022-06-09 15:53:09',0,'37cd6b51-e99b-362f-e1b8-62a2170b50a8','7e4f6caf-0726-3c34-9222-62a2174f6282'),('d8c610ec-eff1-4ec0-a3bd-62a2170ea466','2022-06-09 15:52:21',0,'37cd6b51-e99b-362f-e1b8-62a2170b50a8','b846f37a-e7f4-2119-db03-62a21706ce68');
REPLACE INTO `stic_job_offers` (`id`, `name`, `date_entered`, `date_modified`, `modified_user_id`, `created_by`, `description`, `deleted`, `assigned_user_id`, `status`, `contact_id_c`, `contract_duration_details`, `process_start_date`, `process_end_date`, `offered_positions`, `hours_per_week`, `contract_description`, `retribution`, `retribution_conditions`, `offer_code`, `applications_start_date`, `applications_end_date`, `inc_contract_start_date`, `inc_collective_requirements`, `inc_state`, `inc_state_code`, `inc_municipality`, `inc_municipality_code`, `inc_town`, `inc_town_code`, `inc_country`, `sepe_contract_type`, `inc_contract_type`, `offer_origin`, `inc_offer_origin`, `inc_contract_duration`, `inc_working_day`, `inc_id`, `inc_status`, `type`, `sepe_activation_date`, `sepe_covered_date`, `professional_profile`, `job_requirements`, `inc_register_start_date`, `inc_register_end_date`, `inc_reference_group`, `inc_reference_entity`, `inc_reference_officer`, `inc_checkin_date`, `inc_remuneration`, `inc_cno_n1`, `inc_cno_n2`, `inc_cno_n3`, `stic_incorpora_locations_id`, `inc_tasks_responsabilities`, `inc_observations`, `inc_synchronization_log`, `inc_synchronization_errors`, `inc_incorpora_record`, `inc_synchronization_date`, `inc_status_details`, `inc_professional_licenses`, `inc_driving_licenses`, `inc_maximum_age`, `inc_minimum_age`, `inc_working_experience`, `inc_education`, `inc_education_languages`, `inc_officer_email`, `inc_officer_telephone`) VALUES ('354fcccc-f680-6af6-af30-62a2181845af','Animador actividades lectura','2022-06-09 15:56:56','2022-06-09 15:56:56','9','9','Animador sociocultural',0,'9','selection_process','','','2022-06-08','2022-06-16',1,10.00,'Fines de semana',450.00,'','ANIM1','2022-06-09','2022-06-16',NULL,'',NULL,NULL,NULL,NULL,NULL,NULL,'','','','entity','','','','','','^internal^',NULL,NULL,'public_attention','Titulo animador socioclutural',NULL,NULL,NULL,NULL,NULL,NULL,NULL,'','','','','','',NULL,NULL,0,NULL,NULL,'','','','','','',NULL,'',''),('37cd6b51-e99b-362f-e1b8-62a2170b50a8','Vendedor','2022-06-09 15:51:52','2022-06-09 15:51:52','9','9','',0,'9','open','','','2022-06-09','2022-06-23',1,30.00,'Indefinido',22000.00,'','PAP1','2022-06-09','2022-06-23',NULL,'',NULL,NULL,NULL,NULL,NULL,NULL,'','','','orientation','','','','','','^internal^',NULL,NULL,'public_attention','',NULL,NULL,NULL,NULL,NULL,NULL,NULL,'','','','','','',NULL,NULL,0,NULL,NULL,'','','','','','',NULL,'','');
REPLACE INTO `stic_job_offers_accounts_c` (`id`, `date_modified`, `deleted`, `stic_job_offers_accountsaccounts_ida`, `stic_job_offers_accountsstic_job_offers_idb`) VALUES ('37beec0d-5369-af30-d840-62a218b97eb9','2022-06-09 15:56:56',0,'af067076-a0c4-b118-1be1-629a16c717bf','354fcccc-f680-6af6-af30-62a2181845af'),('3a398f63-0d36-e2d8-1490-62a2179c2b79','2022-06-09 15:51:52',0,'91f97776-4b84-8225-ec97-629a16bb2482','37cd6b51-e99b-362f-e1b8-62a2170b50a8');
REPLACE INTO `stic_payment_commitments` (`id`, `name`, `date_entered`, `date_modified`, `modified_user_id`, `created_by`, `description`, `deleted`, `assigned_user_id`, `payment_type`, `bank_account`, `channel`, `periodicity`, `amount`, `first_payment_date`, `end_date`, `payment_method`, `transaction_type`, `signature_date`, `mandate`, `annualized_fee`, `segmentation`, `in_kind_donation`, `banking_concept`, `destination`, `active`, `redsys_ds_merchant_identifier`, `redsys_ds_merchant_cof_txnid`, `card_expiry_date`, `paypal_subscr_id`, `gateway_log`) VALUES ('3896dbd4-7454-8590-3d20-62a08d96968d','Ángel Armengol Goicoechea - Domiciliación - 65','2022-06-08 11:52:28','2022-06-08 11:52:28','9','9','',0,'9','fee','ES1800312066284297330760','','annual',65.00,'2022-06-08',NULL,'direct_debit','','2022-06-08','83902810',65.00,'','','','',1,NULL,NULL,NULL,NULL,NULL),('51c71e94-ee9b-e842-14d6-63060a7030ed','Edu Velázquez - Efectivo - 15','2022-08-24 11:24:15','2022-08-24 11:25:17','2','9',NULL,0,'9','fee',NULL,NULL,'monthly',15.00,'2021-10-01',NULL,'cash','income',NULL,NULL,180.00,NULL,NULL,NULL,NULL,1,NULL,NULL,NULL,NULL,NULL),('6404e291-5afc-4285-a548-6310705d5080','Zacarías Cisneros Balaguer - Domiciliación - 35','2022-09-01 08:40:35','2022-09-01 08:40:35','9','9','',0,'9','fee','ES2021005005897895037520','','monthly',35.00,'2022-06-01',NULL,'direct_debit','income','2022-09-01','96533815',420.00,'','','','general',1,NULL,NULL,NULL,NULL,NULL),('66f10440-0b90-5bcf-209e-62a08de53ff5','Zacarías Cisneros Balaguer - Efectivo - 75','2022-06-08 11:51:14','2022-06-08 11:51:14','9','9','',0,'9','services','','','half_yearly',75.00,'2022-06-08',NULL,'cash','',NULL,'',150.00,'','','','',1,NULL,NULL,NULL,NULL,NULL),('9793d15e-cfb1-51ac-ed70-62a08dd49772','Gustavo Cal-Jerez - Bizum - 25','2022-06-08 11:53:17','2022-06-08 11:53:42','9','9',NULL,0,'9','donation',NULL,NULL,'punctual',25.00,'2022-06-08','2022-06-08','bizum',NULL,NULL,NULL,25.00,NULL,NULL,NULL,NULL,0,NULL,NULL,NULL,NULL,NULL),('9fcd0729-d2a2-97ac-1d4e-63106f085545','Edu Velázquez - Domiciliación - 45','2022-09-01 08:39:00','2022-09-01 08:39:00','9','9','',0,'9','fee','ES1120850399930714705976','','monthly',45.00,'2022-08-01',NULL,'direct_debit','income','2022-09-01','44782457',540.00,'','','','general',1,NULL,NULL,NULL,NULL,NULL),('a50a2c62-654e-f84d-6b3e-63106de641a7','Edu Velázquez - Efectivo - 50','2022-09-01 08:31:20','2022-09-01 08:31:20','9','9','',0,'9','donation','','face_to_face','punctual',50.00,'2022-09-01',NULL,'cash','income',NULL,NULL,50.00,'','','','project',1,NULL,NULL,NULL,NULL,NULL),('b3475519-2696-b4b4-3edf-62a08ca7521e','Marianela Soto Camps - Domiciliación - 12','2022-06-08 11:50:21','2022-06-08 11:50:21','9','9','',0,'9','fee','ES9520384071112108733434','','monthly',12.00,'2021-06-08',NULL,'direct_debit','','2022-06-08','76262963',144.00,'','','Cuota socios','',1,NULL,NULL,NULL,NULL,NULL),('d112391f-ff63-7527-f964-63106ef8fb7d','Manolo Lasa Casanova - Transferencia recibida - 25','2022-09-01 08:34:16','2022-09-01 08:34:16','9','9','',0,'9','fee','','telemarketing','quarterly',25.00,'2015-01-01',NULL,'transfer_received','income',NULL,NULL,100.00,'','','','project',1,NULL,NULL,NULL,NULL,NULL),('e9112b73-471e-da12-8325-62da47808f19','Gustavo Cal-Jerez - Bizum - 25','2022-07-22 06:47:21','2022-07-22 06:47:21','2','9','',0,'9','donation','','','bimonthly',25.00,'2020-06-08','2022-06-08','bizum','',NULL,NULL,150.00,'','','','',0,NULL,NULL,NULL,NULL,NULL);
REPLACE INTO `stic_payment_commitments_contacts_c` (`id`, `date_modified`, `deleted`, `stic_payment_commitments_contactscontacts_ida`, `stic_payment_commitments_contactsstic_payment_commitments_idb`) VALUES ('3b1656d8-1f60-42a4-10f9-62a08dfca4da','2022-06-08 11:52:28',0,'8af87a2b-f754-b106-c530-629a1603544a','3896dbd4-7454-8590-3d20-62a08d96968d'),('54546773-28ed-2fc9-a649-63060a04a141','2022-08-24 11:24:15',0,'d92c4188-332c-4e3b-5bfd-629a16e9e934','51c71e94-ee9b-e842-14d6-63060a7030ed'),('67b4ddd3-4b27-7196-7db3-6310704ea5a5','2022-09-01 08:40:35',0,'bf5bcdcd-4a4a-27e3-8e28-629a16cd699c','6404e291-5afc-4285-a548-6310705d5080'),('8d8e0df3-3f47-f274-9c6a-62a08d7178dd','2022-06-08 11:51:14',0,'bf5bcdcd-4a4a-27e3-8e28-629a16cd699c','66f10440-0b90-5bcf-209e-62a08de53ff5'),('99da2728-10f4-f993-06bb-62a08d68d72b','2022-06-08 11:53:17',0,'9909bd90-593c-fae8-0a86-629a16d0aaab','9793d15e-cfb1-51ac-ed70-62a08dd49772'),('a42e55ec-bcbf-4b90-cdc1-63106ff94983','2022-09-01 08:39:00',0,'d92c4188-332c-4e3b-5bfd-629a16e9e934','9fcd0729-d2a2-97ac-1d4e-63106f085545'),('a8513d1a-532b-7e3f-426c-63106d09cfb7','2022-09-01 08:31:20',0,'d92c4188-332c-4e3b-5bfd-629a16e9e934','a50a2c62-654e-f84d-6b3e-63106de641a7'),('b9e19b1a-d014-b87f-0cea-62a08cfc2a11','2022-06-08 11:50:21',0,'cf8e6331-ed60-0df4-f3f4-629a16167e3d','b3475519-2696-b4b4-3edf-62a08ca7521e'),('d44fae53-8f65-4016-14d3-63106e21ed0e','2022-09-01 08:34:16',0,'715fb17c-6841-48b8-1478-629a168650d3','d112391f-ff63-7527-f964-63106ef8fb7d'),('eb9963b7-be54-266b-268a-62da47f89d7f','2022-07-22 06:47:21',0,'9909bd90-593c-fae8-0a86-629a16d0aaab','e9112b73-471e-da12-8325-62da47808f19');
REPLACE INTO `stic_payment_commitments_project_c` (`id`, `date_modified`, `deleted`, `stic_payment_commitments_projectproject_ida`, `stic_payment_commitments_projectstic_payment_commitments_idb`) VALUES ('56db05f4-6666-7ad9-a8db-63060a799dc9','2022-08-24 11:24:15',0,'b6a4ff5c-2e49-5fb9-a258-62a20ab7eff6','51c71e94-ee9b-e842-14d6-63060a7030ed'),('ac32980c-2079-a393-1c35-63106d814bfd','2022-09-01 08:31:20',0,'b6a4ff5c-2e49-5fb9-a258-62a20ab7eff6','a50a2c62-654e-f84d-6b3e-63106de641a7'),('d71b7c01-e280-6f4a-7cd8-63106e2e2237','2022-09-01 08:34:16',0,'b6a4ff5c-2e49-5fb9-a258-62a20ab7eff6','d112391f-ff63-7527-f964-63106ef8fb7d');
REPLACE INTO `stic_payments` (`id`, `name`, `date_entered`, `date_modified`, `modified_user_id`, `created_by`, `description`, `deleted`, `assigned_user_id`, `payment_type`, `bank_account`, `amount`, `payment_method`, `transaction_type`, `mandate`, `segmentation`, `in_kind_description`, `banking_concept`, `status`, `m182_excluded`, `sepa_rejected_reason`, `rejection_date`, `c19_rejected_reason`, `payment_date`, `transaction_code`, `gateway_rejection_reason`, `aggregated_services_complete`, `gateway_log`) VALUES ('11e35e99-b008-6ec7-b002-62da470fe237','Gustavo Cal-Jerez - Bizum - 25 - 2020-10-01','2022-07-22 06:47:21','2022-07-22 06:47:21','2','9',NULL,0,'9','donation','',25.00,'bizum','',NULL,'',NULL,'','pending',NULL,NULL,NULL,'','2020-10-01',20,NULL,NULL,NULL),('120d5eae-7059-b074-c8c2-63106efb78ae','Manolo Lasa Casanova - Transferencia recibida - 25 - 2016-10-01','2022-09-01 08:34:16','2022-09-01 08:35:07','9','9',NULL,0,'9','fee',NULL,25.00,'transfer_received','income',NULL,NULL,NULL,NULL,'paid',0,NULL,NULL,NULL,'2016-10-01',53,NULL,0,NULL),('1216e295-e545-7817-8de3-62a08c9d125b','Marianela Soto Camps - Domiciliación - 12 - 2022-04-01','2022-06-08 11:50:21','2022-06-08 11:50:21','9','9',NULL,0,'9','fee','ES9520384071112108733434',12.00,'direct_debit','','76262963','',NULL,'Cuota socios','not_remitted',NULL,NULL,NULL,'','2022-04-01',11,NULL,NULL,NULL),('169f4dcd-9725-0c77-627f-62da470967c9','Gustavo Cal-Jerez - Bizum - 25 - 2020-12-01','2022-07-22 06:47:21','2022-07-22 06:47:21','2','9',NULL,0,'9','donation','',25.00,'bizum','',NULL,'',NULL,'','pending',NULL,NULL,NULL,'','2020-12-01',21,NULL,NULL,NULL),('16e0686b-7873-588c-0dfe-62a08c625dfb','Marianela Soto Camps - Domiciliación - 12 - 2022-05-01','2022-06-08 11:50:21','2022-06-08 11:50:21','9','9',NULL,0,'9','fee','ES9520384071112108733434',12.00,'direct_debit','','76262963','',NULL,'Cuota socios','not_remitted',NULL,NULL,NULL,'','2022-05-01',12,NULL,NULL,NULL),('172b5bba-e1b8-8cdb-9357-63106e356be1','Manolo Lasa Casanova - Transferencia recibida - 25 - 2017-01-01','2022-09-01 08:34:16','2022-09-01 08:35:07','9','9',NULL,0,'9','fee',NULL,25.00,'transfer_received','income',NULL,NULL,NULL,NULL,'paid',0,NULL,NULL,NULL,'2017-01-01',54,NULL,0,NULL),('1c66a482-8156-93c5-503c-63106ea770e7','Manolo Lasa Casanova - Transferencia recibida - 25 - 2017-04-01','2022-09-01 08:34:16','2022-09-01 08:35:07','9','9',NULL,0,'9','fee',NULL,25.00,'transfer_received','income',NULL,NULL,NULL,NULL,'paid',0,NULL,NULL,NULL,'2017-04-01',55,NULL,0,NULL),('1ce42041-f606-197a-01e5-62a08c767340','Marianela Soto Camps - Domiciliación - 12 - 2022-06-01','2022-06-08 11:50:21','2022-06-08 11:50:21','9','9',NULL,0,'9','fee','ES9520384071112108733434',12.00,'direct_debit','','76262963','',NULL,'Cuota socios','not_remitted',NULL,NULL,NULL,'','2022-06-01',13,NULL,NULL,NULL),('1eb0098b-372b-7b64-0c46-63106e644ea6','Manolo Lasa Casanova - Transferencia recibida - 25 - 2016-01-01','2022-09-01 08:34:16','2022-09-01 08:35:07','9','9',NULL,0,'9','fee',NULL,25.00,'transfer_received','income',NULL,NULL,NULL,NULL,'paid',0,NULL,NULL,NULL,'2016-01-01',50,NULL,0,NULL),('2159726b-cd2b-3c09-24db-63106e443ba9','Manolo Lasa Casanova - Transferencia recibida - 25 - 2017-07-01','2022-09-01 08:34:16','2022-09-01 08:35:07','9','9',NULL,0,'9','fee',NULL,25.00,'transfer_received','income',NULL,NULL,NULL,NULL,'paid',0,NULL,NULL,NULL,'2017-07-01',56,NULL,0,NULL),('2403d394-d8b3-8714-f1a0-62da477da304','Gustavo Cal-Jerez - Bizum - 25 - 2021-02-01','2022-07-22 06:47:21','2022-07-22 06:47:21','2','9',NULL,0,'9','donation','',25.00,'bizum','',NULL,'',NULL,'','pending',NULL,NULL,NULL,'','2021-02-01',22,NULL,NULL,NULL),('26316d87-d440-d185-3962-63106e61e127','Manolo Lasa Casanova - Transferencia recibida - 25 - 2017-10-01','2022-09-01 08:34:16','2022-09-01 08:35:07','9','9',NULL,0,'9','fee',NULL,25.00,'transfer_received','income',NULL,NULL,NULL,NULL,'paid',0,NULL,NULL,NULL,'2017-10-01',57,NULL,0,NULL),('27ee2571-0840-6971-4b56-62da4757eb65','Gustavo Cal-Jerez - Bizum - 25 - 2021-04-01','2022-07-22 06:47:21','2022-07-22 06:47:21','2','9',NULL,0,'9','donation','',25.00,'bizum','',NULL,'',NULL,'','pending',NULL,NULL,NULL,'','2021-04-01',23,NULL,NULL,NULL),('2af49bb1-7fa8-f64b-ba32-63106e20c5e0','Manolo Lasa Casanova - Transferencia recibida - 25 - 2018-01-01','2022-09-01 08:34:16','2022-09-01 08:35:07','9','9',NULL,0,'9','fee',NULL,25.00,'transfer_received','income',NULL,NULL,NULL,NULL,'paid',0,NULL,NULL,NULL,'2018-01-01',58,NULL,0,NULL),('2cf0d191-b199-e3b0-7d3b-62da476366be','Gustavo Cal-Jerez - Bizum - 25 - 2021-06-01','2022-07-22 06:47:21','2022-07-22 06:47:21','2','9',NULL,0,'9','donation','',25.00,'bizum','',NULL,'',NULL,'','pending',NULL,NULL,NULL,'','2021-06-01',24,NULL,NULL,NULL),('2f8e0878-da5a-ca29-481e-63106e8436af','Manolo Lasa Casanova - Transferencia recibida - 25 - 2018-04-01','2022-09-01 08:34:16','2022-09-01 08:35:07','9','9',NULL,0,'9','fee',NULL,25.00,'transfer_received','income',NULL,NULL,NULL,NULL,'paid',0,NULL,NULL,NULL,'2018-04-01',59,NULL,0,NULL),('302339ee-887d-0904-fd44-62da47d65db2','Gustavo Cal-Jerez - Bizum - 25 - 2021-08-01','2022-07-22 06:47:21','2022-07-22 06:47:21','2','9',NULL,0,'9','donation','',25.00,'bizum','',NULL,'',NULL,'','pending',NULL,NULL,NULL,'','2021-08-01',25,NULL,NULL,NULL),('341bc31f-822d-4f40-1abf-62da47436214','Gustavo Cal-Jerez - Bizum - 25 - 2021-10-01','2022-07-22 06:47:21','2022-07-22 06:47:21','2','9',NULL,0,'9','donation','',25.00,'bizum','',NULL,'',NULL,'','pending',NULL,NULL,NULL,'','2021-10-01',26,NULL,NULL,NULL),('36c1a3b2-33c8-3d7b-9473-63106e6f676b','Manolo Lasa Casanova - Transferencia recibida - 25 - 2018-07-01','2022-09-01 08:34:16','2022-09-01 08:35:07','9','9',NULL,0,'9','fee',NULL,25.00,'transfer_received','income',NULL,NULL,NULL,NULL,'paid',0,NULL,NULL,NULL,'2018-07-01',60,NULL,0,NULL),('389c1e36-597a-8264-5be0-62da47c4cf60','Gustavo Cal-Jerez - Bizum - 25 - 2021-12-01','2022-07-22 06:47:21','2022-07-22 06:47:21','2','9',NULL,0,'9','donation','',25.00,'bizum','',NULL,'',NULL,'','pending',NULL,NULL,NULL,'','2021-12-01',27,NULL,NULL,NULL),('3a510234-bb6a-6d0a-d357-63106ea20801','Manolo Lasa Casanova - Transferencia recibida - 25 - 2018-10-01','2022-09-01 08:34:16','2022-09-01 08:35:07','9','9',NULL,0,'9','fee',NULL,25.00,'transfer_received','income',NULL,NULL,NULL,NULL,'paid',0,NULL,NULL,NULL,'2018-10-01',61,NULL,0,NULL),('3b830521-793b-6b55-19b2-62da479b83d5','Gustavo Cal-Jerez - Bizum - 25 - 2020-06-08','2022-07-22 06:47:21','2022-07-22 06:47:21','2','9',NULL,0,'9','donation','',25.00,'bizum','',NULL,'',NULL,'','pending',NULL,NULL,NULL,'','2020-06-08',18,NULL,NULL,NULL),('3ceeca54-ae4b-f608-1a68-62da47a7b29d','Gustavo Cal-Jerez - Bizum - 25 - 2022-02-01','2022-07-22 06:47:21','2022-07-22 06:47:21','2','9',NULL,0,'9','donation','',25.00,'bizum','',NULL,'',NULL,'','pending',NULL,NULL,NULL,'','2022-02-01',28,NULL,NULL,NULL),('3e8040c5-6715-617f-e37c-63106eff1a56','Manolo Lasa Casanova - Transferencia recibida - 25 - 2019-01-01','2022-09-01 08:34:16','2022-09-01 08:35:07','9','9',NULL,0,'9','fee',NULL,25.00,'transfer_received','income',NULL,NULL,NULL,NULL,'paid',0,NULL,NULL,NULL,'2019-01-01',62,NULL,0,NULL),('3fb84ecf-1135-c5be-5d62-62a08d3826a0','Ángel Armengol Goicoechea - Domiciliación - 65 - 2022-06-08','2022-06-08 11:52:28','2022-06-08 11:52:28','9','9',NULL,0,'9','fee','ES1800312066284297330760',65.00,'direct_debit','','83902810','',NULL,'','not_remitted',NULL,NULL,NULL,'','2022-06-08',15,NULL,NULL,NULL),('41c68bf5-622e-1a8e-757e-62da47410a33','Gustavo Cal-Jerez - Bizum - 25 - 2022-04-01','2022-07-22 06:47:21','2022-07-22 06:47:21','2','9',NULL,0,'9','donation','',25.00,'bizum','',NULL,'',NULL,'','pending',NULL,NULL,NULL,'','2022-04-01',29,NULL,NULL,NULL),('42d62a92-7f4a-b109-2b64-63106ebef3f7','Manolo Lasa Casanova - Transferencia recibida - 25 - 2019-04-01','2022-09-01 08:34:16','2022-09-01 08:35:07','9','9',NULL,0,'9','fee',NULL,25.00,'transfer_received','income',NULL,NULL,NULL,NULL,'paid',0,NULL,NULL,NULL,'2019-04-01',63,NULL,0,NULL),('45fc723b-1096-2aa9-0bb9-62da471090d9','Gustavo Cal-Jerez - Bizum - 25 - 2022-06-01','2022-07-22 06:47:21','2022-07-22 06:47:21','2','9',NULL,0,'9','donation','',25.00,'bizum','',NULL,'',NULL,'','pending',NULL,NULL,NULL,'','2022-06-01',30,NULL,NULL,NULL),('46b67fca-da70-7736-3a72-62be1eb5332f','Marianela Soto Camps - Domiciliación - 12 - 2022-07','2022-06-30 22:07:02','2022-06-30 22:07:02','1','9',NULL,0,'9','fee','ES9520384071112108733434',12.00,'direct_debit','','76262963','',NULL,'Cuota socios','not_remitted',NULL,NULL,NULL,'','2022-07-01',17,NULL,NULL,NULL),('46c6b007-34d5-49c1-2eb4-63106e950892','Manolo Lasa Casanova - Transferencia recibida - 25 - 2019-07-01','2022-09-01 08:34:16','2022-09-01 08:35:07','9','9',NULL,0,'9','fee',NULL,25.00,'transfer_received','income',NULL,NULL,NULL,NULL,'paid',0,NULL,NULL,NULL,'2019-07-01',64,NULL,0,NULL),('4aa0ca3a-aa63-75f6-c2ba-63106efc10ed','Manolo Lasa Casanova - Transferencia recibida - 25 - 2019-10-01','2022-09-01 08:34:16','2022-09-01 08:35:07','9','9',NULL,0,'9','fee',NULL,25.00,'transfer_received','income',NULL,NULL,NULL,NULL,'paid',0,NULL,NULL,NULL,'2019-10-01',65,NULL,0,NULL),('4f9c136f-03b9-5c75-fcfc-63106ed13a8f','Manolo Lasa Casanova - Transferencia recibida - 25 - 2020-01-01','2022-09-01 08:34:16','2022-09-01 08:35:07','9','9',NULL,0,'9','fee',NULL,25.00,'transfer_received','income',NULL,NULL,NULL,NULL,'paid',0,NULL,NULL,NULL,'2020-01-01',66,NULL,0,NULL),('542f5708-186b-2665-f8f2-63106ec8fc66','Manolo Lasa Casanova - Transferencia recibida - 25 - 2020-04-01','2022-09-01 08:34:16','2022-09-01 08:35:07','9','9',NULL,0,'9','fee',NULL,25.00,'transfer_received','income',NULL,NULL,NULL,NULL,'paid',0,NULL,NULL,NULL,'2020-04-01',67,NULL,0,NULL),('584244f6-34e7-4196-2812-63106e92689e','Manolo Lasa Casanova - Transferencia recibida - 25 - 2020-07-01','2022-09-01 08:34:16','2022-09-01 08:35:07','9','9',NULL,0,'9','fee',NULL,25.00,'transfer_received','income',NULL,NULL,NULL,NULL,'paid',0,NULL,NULL,NULL,'2020-07-01',68,NULL,0,NULL),('58f20280-bc2e-3b94-fbad-62a08c8c610b','Marianela Soto Camps - Domiciliación - 12 - 2022-02-01','2022-06-08 11:50:21','2022-06-08 11:50:21','9','9',NULL,0,'9','fee','ES9520384071112108733434',12.00,'direct_debit','','76262963','',NULL,'Cuota socios','not_remitted',NULL,NULL,NULL,'','2022-02-01',9,NULL,NULL,NULL),('5cb0e2c3-4a15-1e79-b008-63106e4dbc67','Manolo Lasa Casanova - Transferencia recibida - 25 - 2020-10-01','2022-09-01 08:34:16','2022-09-01 08:35:07','9','9',NULL,0,'9','fee',NULL,25.00,'transfer_received','income',NULL,NULL,NULL,NULL,'paid',0,NULL,NULL,NULL,'2020-10-01',69,NULL,0,NULL),('610b4668-577f-25b5-096a-63106e723220','Manolo Lasa Casanova - Transferencia recibida - 25 - 2021-01-01','2022-09-01 08:34:16','2022-09-01 08:35:07','9','9',NULL,0,'9','fee',NULL,25.00,'transfer_received','income',NULL,NULL,NULL,NULL,'paid',0,NULL,NULL,NULL,'2021-01-01',70,NULL,0,NULL),('6523ea75-e715-92fc-aec1-63060ad08999','Edu Velázquez - Efectivo - 15 - 2021-10-01','2022-08-24 11:24:15','2022-08-24 11:25:02','2','9',NULL,0,'9','fee',NULL,15.00,'cash','income',NULL,NULL,NULL,NULL,'paid',0,NULL,NULL,NULL,'2021-10-01',32,NULL,0,NULL),('6544e51f-9884-54f4-4634-63106e3d7196','Manolo Lasa Casanova - Transferencia recibida - 25 - 2021-04-01','2022-09-01 08:34:16','2022-09-01 08:35:07','9','9',NULL,0,'9','fee',NULL,25.00,'transfer_received','income',NULL,NULL,NULL,NULL,'paid',0,NULL,NULL,NULL,'2021-04-01',71,NULL,0,NULL),('694d20cc-2448-4a2a-248e-63106ec71a6a','Manolo Lasa Casanova - Transferencia recibida - 25 - 2021-07-01','2022-09-01 08:34:16','2022-09-01 08:35:07','9','9',NULL,0,'9','fee',NULL,25.00,'transfer_received','income',NULL,NULL,NULL,NULL,'paid',0,NULL,NULL,NULL,'2021-07-01',72,NULL,0,NULL),('6dc80b70-19ec-c899-d242-63106ed027be','Manolo Lasa Casanova - Transferencia recibida - 25 - 2021-10-01','2022-09-01 08:34:16','2022-09-01 08:35:07','9','9',NULL,0,'9','fee',NULL,25.00,'transfer_received','income',NULL,NULL,NULL,NULL,'paid',0,NULL,NULL,NULL,'2021-10-01',73,NULL,0,NULL),('6e6d0b1d-b6fb-b719-6fce-63106ecf6dbf','Manolo Lasa Casanova - Transferencia recibida - 25 - 2016-04-01','2022-09-01 08:34:16','2022-09-01 08:35:07','9','9',NULL,0,'9','fee',NULL,25.00,'transfer_received','income',NULL,NULL,NULL,NULL,'paid',0,NULL,NULL,NULL,'2016-04-01',51,NULL,0,NULL),('70e820ca-e49d-665c-c3aa-63060a8e55e3','Edu Velázquez - Efectivo - 15 - 2021-11-01','2022-08-24 11:24:15','2022-08-24 11:25:02','2','9',NULL,0,'9','fee',NULL,15.00,'cash','income',NULL,NULL,NULL,NULL,'paid',0,NULL,NULL,NULL,'2021-11-01',33,NULL,0,NULL),('715b367b-5d57-e141-6120-63106e48656e','Manolo Lasa Casanova - Transferencia recibida - 25 - 2022-01-01','2022-09-01 08:34:16','2022-09-01 08:35:07','9','9',NULL,0,'9','fee',NULL,25.00,'transfer_received','income',NULL,NULL,NULL,NULL,'paid',0,NULL,NULL,NULL,'2022-01-01',74,NULL,0,NULL),('742ade6a-e6b6-bdf3-f5b5-631070ead5eb','Zacarías Cisneros Balaguer - Domiciliación - 35 - 2022-06-01','2022-09-01 08:40:35','2022-09-01 08:40:35','9','9',NULL,0,'9','fee','ES2021005005897895037520',35.00,'direct_debit','income','96533815','',NULL,'','not_remitted',NULL,NULL,NULL,'','2022-06-01',79,NULL,NULL,NULL),('74e96715-4b80-0a55-0ca0-630fdbb4d2fe','Edu Velázquez - Efectivo - 15 - 2022-09','2022-08-31 22:07:01','2022-08-31 22:07:01','1','9',NULL,0,'9','fee','',15.00,'cash','income','','',NULL,'','pending',NULL,NULL,NULL,'','2022-09-01',43,NULL,NULL,NULL),('75572ed4-5f4d-3897-4c90-63060a5b733f','Edu Velázquez - Efectivo - 15 - 2021-12-01','2022-08-24 11:24:15','2022-08-24 11:25:02','2','9',NULL,0,'9','fee',NULL,15.00,'cash','income',NULL,NULL,NULL,NULL,'paid',0,NULL,NULL,NULL,'2021-12-01',34,NULL,0,NULL),('76645013-1dfb-3514-f951-63106e0ea663','Manolo Lasa Casanova - Transferencia recibida - 25 - 2022-04-01','2022-09-01 08:34:16','2022-09-01 08:35:07','9','9',NULL,0,'9','fee',NULL,25.00,'transfer_received','income',NULL,NULL,NULL,NULL,'paid',0,NULL,NULL,NULL,'2022-04-01',75,NULL,0,NULL),('7a5d4ed5-37f9-8aa1-e9a0-63060a0b7301','Edu Velázquez - Efectivo - 15 - 2022-01-01','2022-08-24 11:24:15','2022-08-24 11:25:02','2','9',NULL,0,'9','fee',NULL,15.00,'cash','income',NULL,NULL,NULL,NULL,'paid',0,NULL,NULL,NULL,'2022-01-01',35,NULL,0,NULL),('7b09d3ef-ac9f-d8b4-18d1-63106ec7e545','Manolo Lasa Casanova - Transferencia recibida - 25 - 2022-07-01','2022-09-01 08:34:16','2022-09-01 08:35:07','9','9',NULL,0,'9','fee',NULL,25.00,'transfer_received','income',NULL,NULL,NULL,NULL,'paid',0,NULL,NULL,NULL,'2022-07-01',76,NULL,0,NULL),('7e6c1cff-4cc8-4ce5-d61e-63060af0d29e','Edu Velázquez - Efectivo - 15 - 2022-02-01','2022-08-24 11:24:15','2022-08-24 11:25:02','2','9',NULL,0,'9','fee',NULL,15.00,'cash','income',NULL,NULL,NULL,NULL,'paid',0,NULL,NULL,NULL,'2022-02-01',36,NULL,0,NULL),('82b69d67-fd48-39c9-15d6-630fdb0adfd8','Marianela Soto Camps - Domiciliación - 12 - 2022-09','2022-08-31 22:07:01','2022-08-31 22:07:01','1','9',NULL,0,'9','fee','ES9520384071112108733434',12.00,'direct_debit','','76262963','',NULL,'Cuota socios','not_remitted',NULL,NULL,NULL,'','2022-09-01',44,NULL,NULL,NULL),('8380668b-1a7c-3acc-c8b6-6310704e6064','Zacarías Cisneros Balaguer - Domiciliación - 35 - 2022-07-01','2022-09-01 08:40:35','2022-09-01 08:40:35','9','9',NULL,0,'9','fee','ES2021005005897895037520',35.00,'direct_debit','income','96533815','',NULL,'','not_remitted',NULL,NULL,NULL,'','2022-07-01',80,NULL,NULL,NULL),('83c881b9-0858-cab0-ea16-63060a94f0b8','Edu Velázquez - Efectivo - 15 - 2022-03-01','2022-08-24 11:24:15','2022-08-24 11:25:02','2','9',NULL,0,'9','fee',NULL,15.00,'cash','income',NULL,NULL,NULL,NULL,'paid',0,NULL,NULL,NULL,'2022-03-01',37,NULL,0,NULL),('84a29f38-339c-4781-04d4-62e6fdd2304b','Marianela Soto Camps - Domiciliación - 12 - 2022-08','2022-07-31 22:07:01','2022-07-31 22:07:01','1','9',NULL,0,'9','fee','ES9520384071112108733434',12.00,'direct_debit','','76262963','',NULL,'Cuota socios','not_remitted',NULL,NULL,NULL,'','2022-08-01',31,NULL,NULL,NULL),('880f36f0-3f1f-cc8f-4e34-63060a53b953','Edu Velázquez - Efectivo - 15 - 2022-04-01','2022-08-24 11:24:15','2022-08-24 11:25:02','2','9',NULL,0,'9','fee',NULL,15.00,'cash','income',NULL,NULL,NULL,NULL,'paid',0,NULL,NULL,NULL,'2022-04-01',38,NULL,0,NULL),('886cb36a-7410-2cc0-60d1-6310707c5372','Zacarías Cisneros Balaguer - Domiciliación - 35 - 2022-08-01','2022-09-01 08:40:35','2022-09-01 08:40:35','9','9',NULL,0,'9','fee','ES2021005005897895037520',35.00,'direct_debit','income','96533815','',NULL,'','not_remitted',NULL,NULL,NULL,'','2022-08-01',81,NULL,NULL,NULL),('8ba87021-623a-e290-0c1b-63060a7b7f22','Edu Velázquez - Efectivo - 15 - 2022-05-01','2022-08-24 11:24:15','2022-08-24 11:25:02','2','9',NULL,0,'9','fee',NULL,15.00,'cash','income',NULL,NULL,NULL,NULL,'paid',0,NULL,NULL,NULL,'2022-05-01',39,NULL,0,NULL),('8d4e5c5e-f1f7-0383-fa03-63107038c573','Zacarías Cisneros Balaguer - Domiciliación - 35 - 2022-09-01','2022-09-01 08:40:35','2022-09-01 08:40:35','9','9',NULL,0,'9','fee','ES2021005005897895037520',35.00,'direct_debit','income','96533815','',NULL,'','not_remitted',NULL,NULL,NULL,'','2022-09-01',82,NULL,NULL,NULL),('905b0210-4f6b-7f56-61e9-63060a2be931','Edu Velázquez - Efectivo - 15 - 2022-06-01','2022-08-24 11:24:15','2022-08-24 11:25:02','2','9',NULL,0,'9','fee',NULL,15.00,'cash','income',NULL,NULL,NULL,NULL,'paid',0,NULL,NULL,NULL,'2022-06-01',40,NULL,0,NULL),('945df1f8-4da0-42a1-be80-63060a9f860e','Edu Velázquez - Efectivo - 15 - 2022-07-01','2022-08-24 11:24:15','2022-08-24 11:25:02','2','9',NULL,0,'9','fee',NULL,15.00,'cash','income',NULL,NULL,NULL,NULL,'paid',0,NULL,NULL,NULL,'2022-07-01',41,NULL,0,NULL),('9793d3b2-999f-0a80-2a3c-63060afea89e','Edu Velázquez - Efectivo - 15 - 2022-08-01','2022-08-24 11:24:15','2022-08-24 11:25:02','2','9',NULL,0,'9','fee',NULL,15.00,'cash','income',NULL,NULL,NULL,NULL,'paid',0,NULL,NULL,NULL,'2022-08-01',42,NULL,0,NULL),('9f2bf2da-8a44-ba99-5140-62a08d30892f','Gustavo Cal-Jerez - Bizum - 25 - 2022-06-08','2022-06-08 11:53:17','2022-06-08 11:53:17','9','9',NULL,0,'9','donation','',25.00,'bizum','','','',NULL,'','pending',NULL,NULL,NULL,'','2022-06-08',16,NULL,NULL,NULL),('aa804fe5-c19e-d7d1-fb75-63106fea94e4','Edu Velázquez - Domiciliación - 45 - 2022-08-01','2022-09-01 08:39:00','2022-09-01 08:39:00','9','9',NULL,0,'9','fee','ES1120850399930714705976',45.00,'direct_debit','income','44782457','',NULL,'','not_remitted',NULL,NULL,NULL,'','2022-08-01',77,NULL,NULL,NULL),('ab690f7a-a79a-9fc1-57bf-62a08c53c905','Marianela Soto Camps - Domiciliación - 12 - 2022-03-01','2022-06-08 11:50:21','2022-06-08 11:50:21','9','9',NULL,0,'9','fee','ES9520384071112108733434',12.00,'direct_debit','','76262963','',NULL,'Cuota socios','not_remitted',NULL,NULL,NULL,'','2022-03-01',10,NULL,NULL,NULL),('b4efb891-be29-66f8-4cb0-63106fca7393','Edu Velázquez - Domiciliación - 45 - 2022-09-01','2022-09-01 08:39:00','2022-09-01 08:39:00','9','9',NULL,0,'9','fee','ES1120850399930714705976',45.00,'direct_debit','income','44782457','',NULL,'','not_remitted',NULL,NULL,NULL,'','2022-09-01',78,NULL,NULL,NULL),('b6284c7d-393e-ff8e-b21f-63106de2587e','Edu Velázquez - Efectivo - 50 - 2022-09-01','2022-09-01 08:31:20','2022-09-01 08:31:20','9','9',NULL,0,'9','donation','',50.00,'cash','income',NULL,'',NULL,'','pending',NULL,NULL,NULL,'','2022-09-01',45,NULL,NULL,NULL),('c4beb6a5-7dc9-0b92-e1fd-62a08cf16a89','Marianela Soto Camps - Domiciliación - 12 - 2021-06-08','2022-06-08 11:50:21','2022-09-09 10:59:44','1','9',NULL,0,'9','fee','ES9520384071112108733434',9.00,'direct_debit',NULL,'76262963',NULL,NULL,'Cuota socios','paid',NULL,NULL,NULL,NULL,'2021-06-08',1,NULL,NULL,'##### Array\n(\n    [transaction_subject] => Pago rec. con tarjeta\n    [payment_date] => 03:33:05 Jun 09, 2022 PDT\n    [txn_type] => subscr_payment\n    [subscr_id] => I-3PP06SYM15E3\n    [last_name] => Doe\n    [residence_country] => ES\n    [item_name] => Pago rec. con tarjeta\n    [payment_gross] => \n    [mc_currency] => EUR\n    [business] => juan.chamizo-facilitator@gmail.com\n    [payment_type] => instant\n    [protection_eligibility] => Eligible\n    [verify_sign] => AWUW.7D0nznMpeVa-aVc-2kiXK-NAkQ8YViMnXebBoMkxEmMG9Z3keZ3\n    [payer_status] => verified\n    [test_ipn] => 1\n    [payer_email] => sb-dlejb1207389@personal.example.com\n    [txn_id] => 7LF34084245726548\n    [receiver_email] => juan.chamizo-facilitator@gmail.com\n    [first_name] => John\n    [payer_id] => 3ZKU9A82YDPCN\n    [receiver_id] => P68N3SM8L9NUN\n    [payment_status] => Completed\n    [payment_fee] => \n    [mc_fee] => 0.66\n    [mc_gross] => 9.00\n    [custom] => 000000000001\n    [charset] => windows-1252\n    [notify_version] => 3.9\n    [ipn_track_id] => 7b175bdf0cc31\n)\n##### Array\n(\n    [transaction_subject] => Pago rec. con tarjeta\n    [payment_date] => 03:55:59 Sep 09, 2022 PDT\n    [txn_type] => subscr_payment\n    [subscr_id] => I-3PP06SYM15E3\n    [last_name] => Doe\n    [residence_country] => ES\n    [item_name] => Pago rec. con tarjeta\n    [payment_gross] => \n    [mc_currency] => EUR\n    [business] => juan.chamizo-facilitator@gmail.com\n    [payment_type] => instant\n    [protection_eligibility] => Eligible\n    [verify_sign] => A0EXIz.Tq5IQTTXzU4sST2lVOQOgAwE09GH3tyTOCLHRstWPPz83lxCE\n    [payer_status] => verified\n    [test_ipn] => 1\n    [payer_email] => sb-dlejb1207389@personal.example.com\n    [txn_id] => 1VU976532H8051342\n    [receiver_email] => juan.chamizo-facilitator@gmail.com\n    [first_name] => John\n    [payer_id] => 3ZKU9A82YDPCN\n    [receiver_id] => P68N3SM8L9NUN\n    [payment_status] => Completed\n    [payment_fee] => \n    [mc_fee] => 0.66\n    [mc_gross] => 9.00\n    [custom] => 000000000001\n    [charset] => windows-1252\n    [notify_version] => 3.9\n    [ipn_track_id] => 6f0b397dbd81b\n)\n'),('cab30873-338d-c438-f3c0-63106ee781e4','Manolo Lasa Casanova - Transferencia recibida - 25 - 2016-07-01','2022-09-01 08:34:16','2022-09-01 08:35:07','9','9',NULL,0,'9','fee',NULL,25.00,'transfer_received','income',NULL,NULL,NULL,NULL,'paid',0,NULL,NULL,NULL,'2016-07-01',52,NULL,0,NULL),('d230cbca-d8d5-4f2e-07b6-62a08c66831a','Marianela Soto Camps - Domiciliación - 12 - 2021-07-01','2022-06-08 11:50:21','2022-06-08 11:50:21','9','9',NULL,0,'9','fee','ES9520384071112108733434',12.00,'direct_debit','','76262963','',NULL,'Cuota socios','not_remitted',NULL,NULL,NULL,'','2021-07-01',2,NULL,NULL,NULL),('d835db06-feb1-72b0-38ab-62a08c433828','Marianela Soto Camps - Domiciliación - 12 - 2021-08-01','2022-06-08 11:50:21','2022-09-11 11:35:34','1','9',NULL,0,'9','fee','ES9520384071112108733434',6.00,'direct_debit',NULL,'76262963',NULL,NULL,'Cuota socios','paid',NULL,NULL,NULL,NULL,'2021-08-01',3,NULL,NULL,'##### Array\n(\n    [transaction_subject] => Pago rec. con tarjeta\n    [payment_date] => 04:47:44 Jun 11, 2022 PDT\n    [txn_type] => subscr_payment\n    [subscr_id] => I-K1EYVMJJDNCC\n    [last_name] => Doe\n    [residence_country] => ES\n    [item_name] => Pago rec. con tarjeta\n    [payment_gross] => \n    [mc_currency] => EUR\n    [business] => juan.chamizo-facilitator@gmail.com\n    [payment_type] => instant\n    [protection_eligibility] => Eligible\n    [verify_sign] => AHmUbS5t4gp66wqhFA41cc2dVfgSAkJmj2ixGQTkSS8t2B48upSVmGV7\n    [payer_status] => verified\n    [test_ipn] => 1\n    [payer_email] => sb-dlejb1207389@personal.example.com\n    [txn_id] => 80R7568370360304C\n    [receiver_email] => juan.chamizo-facilitator@gmail.com\n    [first_name] => John\n    [payer_id] => 3ZKU9A82YDPCN\n    [receiver_id] => P68N3SM8L9NUN\n    [payment_status] => Completed\n    [payment_fee] => \n    [mc_fee] => 0.55\n    [mc_gross] => 6.00\n    [custom] => 000000000003\n    [charset] => windows-1252\n    [notify_version] => 3.9\n    [ipn_track_id] => 7e9141000c49c\n)\n##### Array\n(\n    [transaction_subject] => Pago rec. con tarjeta\n    [payment_date] => 04:30:25 Sep 11, 2022 PDT\n    [txn_type] => subscr_payment\n    [subscr_id] => I-K1EYVMJJDNCC\n    [last_name] => Doe\n    [residence_country] => ES\n    [item_name] => Pago rec. con tarjeta\n    [payment_gross] => \n    [mc_currency] => EUR\n    [business] => juan.chamizo-facilitator@gmail.com\n    [payment_type] => instant\n    [protection_eligibility] => Eligible\n    [verify_sign] => AO3lAcHGQCebPNKx-0H6.Brk0SoXAj2-Ul0UM.zktplYBqTr0ylT02nO\n    [payer_status] => verified\n    [test_ipn] => 1\n    [payer_email] => sb-dlejb1207389@personal.example.com\n    [txn_id] => 08L49862AA2227815\n    [receiver_email] => juan.chamizo-facilitator@gmail.com\n    [first_name] => John\n    [payer_id] => 3ZKU9A82YDPCN\n    [receiver_id] => P68N3SM8L9NUN\n    [payment_status] => Completed\n    [payment_fee] => \n    [mc_fee] => 0.55\n    [mc_gross] => 6.00\n    [custom] => 000000000003\n    [charset] => windows-1252\n    [notify_version] => 3.9\n    [ipn_track_id] => ed46c6bb0e356\n)\n##### Array\n(\n    [transaction_subject] => Pago rec. con tarjeta\n    [payment_date] => 04:30:25 Sep 11, 2022 PDT\n    [txn_type] => subscr_payment\n    [subscr_id] => I-K1EYVMJJDNCC\n    [last_name] => Doe\n    [residence_country] => ES\n    [item_name] => Pago rec. con tarjeta\n    [payment_gross] => \n    [mc_currency] => EUR\n    [business] => juan.chamizo-facilitator@gmail.com\n    [payment_type] => instant\n    [protection_eligibility] => Eligible\n    [verify_sign] => AO3lAcHGQCebPNKx-0H6.Brk0SoXAj2-Ul0UM.zktplYBqTr0ylT02nO\n    [payer_status] => verified\n    [test_ipn] => 1\n    [payer_email] => sb-dlejb1207389@personal.example.com\n    [txn_id] => 08L49862AA2227815\n    [receiver_email] => juan.chamizo-facilitator@gmail.com\n    [first_name] => John\n    [payer_id] => 3ZKU9A82YDPCN\n    [receiver_id] => P68N3SM8L9NUN\n    [payment_status] => Completed\n    [payment_fee] => \n    [mc_fee] => 0.55\n    [mc_gross] => 6.00\n    [custom] => 000000000003\n    [charset] => windows-1252\n    [notify_version] => 3.9\n    [ipn_track_id] => ed46c6bb0e356\n)\n'),('d8b70dae-b18c-2a42-0706-62da47147439','Gustavo Cal-Jerez - Bizum - 25 - 2020-08-01','2022-07-22 06:47:21','2022-07-22 06:47:21','2','9',NULL,0,'9','donation','',25.00,'bizum','',NULL,'',NULL,'','pending',NULL,NULL,NULL,'','2020-08-01',19,NULL,NULL,NULL),('dccd2e0d-8e72-1e6d-b80e-63106e093b9b','Manolo Lasa Casanova - Transferencia recibida - 25 - 2015-01-01','2022-09-01 08:34:16','2022-09-01 08:35:07','9','9',NULL,0,'9','fee',NULL,25.00,'transfer_received','income',NULL,NULL,NULL,NULL,'paid',0,NULL,NULL,NULL,'2015-01-01',46,NULL,0,NULL),('debc3ed3-c721-40d5-ad26-62a08c857a78','Marianela Soto Camps - Domiciliación - 12 - 2021-09-01','2022-06-08 11:50:21','2022-06-08 11:50:21','9','9',NULL,0,'9','fee','ES9520384071112108733434',12.00,'direct_debit','','76262963','',NULL,'Cuota socios','not_remitted',NULL,NULL,NULL,'','2021-09-01',4,NULL,NULL,NULL),('dec60942-11bf-f589-4e7b-62a08d2c4433','Zacarías Cisneros Balaguer - Efectivo - 75 - 2022-06-08','2022-06-08 11:51:14','2022-09-01 08:39:55','9','9',NULL,0,'9','services',NULL,75.00,'cash',NULL,NULL,NULL,NULL,NULL,'paid',0,NULL,NULL,NULL,'2022-06-08',14,NULL,0,NULL),('e3d83e13-eb00-e311-a8ee-62a08cab04ba','Marianela Soto Camps - Domiciliación - 12 - 2021-10-01','2022-06-08 11:50:21','2022-06-08 11:50:21','9','9',NULL,0,'9','fee','ES9520384071112108733434',12.00,'direct_debit','','76262963','',NULL,'Cuota socios','not_remitted',NULL,NULL,NULL,'','2021-10-01',5,NULL,NULL,NULL),('e67bb6c4-ce53-f6f8-ce1e-63106ecac932','Manolo Lasa Casanova - Transferencia recibida - 25 - 2015-04-01','2022-09-01 08:34:16','2022-09-01 08:35:07','9','9',NULL,0,'9','fee',NULL,25.00,'transfer_received','income',NULL,NULL,NULL,NULL,'paid',0,NULL,NULL,NULL,'2015-04-01',47,NULL,0,NULL),('e8ac3043-2682-708a-61d0-62a08c009830','Marianela Soto Camps - Domiciliación - 12 - 2021-11-01','2022-06-08 11:50:21','2022-06-08 11:50:21','9','9',NULL,0,'9','fee','ES9520384071112108733434',12.00,'direct_debit','','76262963','',NULL,'Cuota socios','not_remitted',NULL,NULL,NULL,'','2021-11-01',6,NULL,NULL,NULL),('eb152d28-381b-86f1-e71a-63106e1d3cf7','Manolo Lasa Casanova - Transferencia recibida - 25 - 2015-07-01','2022-09-01 08:34:16','2022-09-01 08:35:07','9','9',NULL,0,'9','fee',NULL,25.00,'transfer_received','income',NULL,NULL,NULL,NULL,'paid',0,NULL,NULL,NULL,'2015-07-01',48,NULL,0,NULL),('ed79d060-ee37-90c1-5765-62a08ce75dad','Marianela Soto Camps - Domiciliación - 12 - 2021-12-01','2022-06-08 11:50:21','2022-06-08 11:50:21','9','9',NULL,0,'9','fee','ES9520384071112108733434',12.00,'direct_debit','','76262963','',NULL,'Cuota socios','not_remitted',NULL,NULL,NULL,'','2021-12-01',7,NULL,NULL,NULL),('f0d389cc-f90b-6043-1c9f-63106e230908','Manolo Lasa Casanova - Transferencia recibida - 25 - 2015-10-01','2022-09-01 08:34:16','2022-09-01 08:35:07','9','9',NULL,0,'9','fee',NULL,25.00,'transfer_received','income',NULL,NULL,NULL,NULL,'paid',0,NULL,NULL,NULL,'2015-10-01',49,NULL,0,NULL),('f3dd2a7a-dd48-3410-c5dd-62a08cf527db','Marianela Soto Camps - Domiciliación - 12 - 2022-01-01','2022-06-08 11:50:21','2022-06-08 11:50:21','9','9',NULL,0,'9','fee','ES9520384071112108733434',12.00,'direct_debit','','76262963','',NULL,'Cuota socios','not_remitted',NULL,NULL,NULL,'','2022-01-01',8,NULL,NULL,NULL);
REPLACE INTO `stic_payments_contacts_c` (`id`, `date_modified`, `deleted`, `stic_payments_contactscontacts_ida`, `stic_payments_contactsstic_payments_idb`) VALUES ('1232e919-707e-255f-466d-62da478315b4','2022-07-22 06:47:21',0,'9909bd90-593c-fae8-0a86-629a16d0aaab','11e35e99-b008-6ec7-b002-62da470fe237'),('126b2a5b-ea37-fd30-aeb3-62a08c7ea2f0','2022-06-08 11:50:21',0,'cf8e6331-ed60-0df4-f3f4-629a16167e3d','1216e295-e545-7817-8de3-62a08c9d125b'),('127c2317-1956-fe78-d335-63106e83a51c','2022-09-01 08:34:16',0,'715fb17c-6841-48b8-1478-629a168650d3','120d5eae-7059-b074-c8c2-63106efb78ae'),('174c458b-8987-c507-0afa-62a08c487296','2022-06-08 11:50:21',0,'cf8e6331-ed60-0df4-f3f4-629a16167e3d','16e0686b-7873-588c-0dfe-62a08c625dfb'),('17896aa0-04c1-eb68-de68-63106eb0f04c','2022-09-01 08:34:16',0,'715fb17c-6841-48b8-1478-629a168650d3','172b5bba-e1b8-8cdb-9357-63106e356be1'),('19168b3d-4189-fbef-9327-62da472ea056','2022-07-22 06:47:21',0,'9909bd90-593c-fae8-0a86-629a16d0aaab','169f4dcd-9725-0c77-627f-62da470967c9'),('1cd6b152-9279-684d-5196-63106ec5803b','2022-09-01 08:34:16',0,'715fb17c-6841-48b8-1478-629a168650d3','1c66a482-8156-93c5-503c-63106ea770e7'),('1d4f4357-abab-b90d-8a8d-62a08c448f5a','2022-06-08 11:50:21',0,'cf8e6331-ed60-0df4-f3f4-629a16167e3d','1ce42041-f606-197a-01e5-62a08c767340'),('21be2ff9-211d-f3e0-2546-63106e93d1bd','2022-09-01 08:34:16',0,'715fb17c-6841-48b8-1478-629a168650d3','2159726b-cd2b-3c09-24db-63106e443ba9'),('246217f2-9389-7720-afd4-62da4780e166','2022-07-22 06:47:21',0,'9909bd90-593c-fae8-0a86-629a16d0aaab','2403d394-d8b3-8714-f1a0-62da477da304'),('25b80bd4-f770-a14b-5940-63106e48b316','2022-09-01 08:34:16',0,'715fb17c-6841-48b8-1478-629a168650d3','1eb0098b-372b-7b64-0c46-63106e644ea6'),('2692a091-37dc-7955-06a1-63106e1910e0','2022-09-01 08:34:16',0,'715fb17c-6841-48b8-1478-629a168650d3','26316d87-d440-d185-3962-63106e61e127'),('282ad183-30b3-f7b7-9c1d-62da47c5f1b7','2022-07-22 06:47:21',0,'9909bd90-593c-fae8-0a86-629a16d0aaab','27ee2571-0840-6971-4b56-62da4757eb65'),('2b583480-cac0-0151-66c7-63106eb23c4b','2022-09-01 08:34:16',0,'715fb17c-6841-48b8-1478-629a168650d3','2af49bb1-7fa8-f64b-ba32-63106e20c5e0'),('2d4bee25-59ce-e16b-8713-62da47207fec','2022-07-22 06:47:21',0,'9909bd90-593c-fae8-0a86-629a16d0aaab','2cf0d191-b199-e3b0-7d3b-62da476366be'),('30007a0e-4ff3-d2a6-aaaf-63106e4abb55','2022-09-01 08:34:16',0,'715fb17c-6841-48b8-1478-629a168650d3','2f8e0878-da5a-ca29-481e-63106e8436af'),('304fe8c1-c9c5-f099-3005-62da47f13023','2022-07-22 06:47:21',0,'9909bd90-593c-fae8-0a86-629a16d0aaab','302339ee-887d-0904-fd44-62da47d65db2'),('347720b8-9041-7aa1-7d74-62da47ff9017','2022-07-22 06:47:21',0,'9909bd90-593c-fae8-0a86-629a16d0aaab','341bc31f-822d-4f40-1abf-62da47436214'),('37236f80-4fdd-5ae4-8454-63106e8d31db','2022-09-01 08:34:16',0,'715fb17c-6841-48b8-1478-629a168650d3','36c1a3b2-33c8-3d7b-9473-63106e6f676b'),('38eff44a-e065-265c-d4f0-62da471da112','2022-07-22 06:47:21',0,'9909bd90-593c-fae8-0a86-629a16d0aaab','389c1e36-597a-8264-5be0-62da47c4cf60'),('397003d9-8595-e76a-2d0d-62a08c6fc682','2022-06-08 11:50:21',0,'cf8e6331-ed60-0df4-f3f4-629a16167e3d','f3dd2a7a-dd48-3410-c5dd-62a08cf527db'),('3ac29674-c74e-476e-4b39-63106ef51faf','2022-09-01 08:34:16',0,'715fb17c-6841-48b8-1478-629a168650d3','3a510234-bb6a-6d0a-d357-63106ea20801'),('3d40aa92-a6dd-f7a3-0c68-62da47ee2a08','2022-07-22 06:47:21',0,'9909bd90-593c-fae8-0a86-629a16d0aaab','3ceeca54-ae4b-f608-1a68-62da47a7b29d'),('3f05bb89-614d-4b54-51a8-63106e4f5c23','2022-09-01 08:34:16',0,'715fb17c-6841-48b8-1478-629a168650d3','3e8040c5-6715-617f-e37c-63106eff1a56'),('402099c2-9044-190c-eb4f-62a08d341c3f','2022-06-08 11:52:28',0,'8af87a2b-f754-b106-c530-629a1603544a','3fb84ecf-1135-c5be-5d62-62a08d3826a0'),('420ed7f8-3438-2c6b-d0a4-62da47da6a8a','2022-07-22 06:47:21',0,'9909bd90-593c-fae8-0a86-629a16d0aaab','41c68bf5-622e-1a8e-757e-62da47410a33'),('433d3df9-9486-4cfe-5677-63106e416118','2022-09-01 08:34:16',0,'715fb17c-6841-48b8-1478-629a168650d3','42d62a92-7f4a-b109-2b64-63106ebef3f7'),('46476694-7f1a-de6f-8b5f-62da47e85e37','2022-07-22 06:47:21',0,'9909bd90-593c-fae8-0a86-629a16d0aaab','45fc723b-1096-2aa9-0bb9-62da471090d9'),('47191dfc-115c-81d4-d8c4-63106ea1d9b4','2022-09-01 08:34:16',0,'715fb17c-6841-48b8-1478-629a168650d3','46c6b007-34d5-49c1-2eb4-63106e950892'),('47e49102-1884-8896-70ce-62be1ee62da2','2022-06-30 22:07:02',0,'cf8e6331-ed60-0df4-f3f4-629a16167e3d','46b67fca-da70-7736-3a72-62be1eb5332f'),('4af7eba4-6cd8-965a-970e-63106e483696','2022-09-01 08:34:16',0,'715fb17c-6841-48b8-1478-629a168650d3','4aa0ca3a-aa63-75f6-c2ba-63106efc10ed'),('4ff5257b-0356-cdac-50b4-63106e1abea8','2022-09-01 08:34:16',0,'715fb17c-6841-48b8-1478-629a168650d3','4f9c136f-03b9-5c75-fcfc-63106ed13a8f'),('507407f4-2629-5780-abe0-62da476ded5f','2022-07-22 06:47:21',0,'9909bd90-593c-fae8-0a86-629a16d0aaab','3b830521-793b-6b55-19b2-62da479b83d5'),('5481080d-dde1-6faf-bbc9-63106e5ae97c','2022-09-01 08:34:16',0,'715fb17c-6841-48b8-1478-629a168650d3','542f5708-186b-2665-f8f2-63106ec8fc66'),('589ce58c-ed7c-8f04-10f0-63106e2a7e46','2022-09-01 08:34:16',0,'715fb17c-6841-48b8-1478-629a168650d3','584244f6-34e7-4196-2812-63106e92689e'),('5d0e8702-5f24-ffd5-3caa-63106e629589','2022-09-01 08:34:16',0,'715fb17c-6841-48b8-1478-629a168650d3','5cb0e2c3-4a15-1e79-b008-63106e4dbc67'),('5fd60ca7-7760-60de-d3d1-62a08c353f0d','2022-06-08 11:50:21',0,'cf8e6331-ed60-0df4-f3f4-629a16167e3d','58f20280-bc2e-3b94-fbad-62a08c8c610b'),('617fa816-802b-adfd-66de-63106e3cc369','2022-09-01 08:34:16',0,'715fb17c-6841-48b8-1478-629a168650d3','610b4668-577f-25b5-096a-63106e723220'),('65c32cea-b0b2-c775-104c-63106e0754e4','2022-09-01 08:34:16',0,'715fb17c-6841-48b8-1478-629a168650d3','6544e51f-9884-54f4-4634-63106e3d7196'),('66a63526-9ca3-a6f4-e681-63060a150a34','2022-08-24 11:24:15',0,'d92c4188-332c-4e3b-5bfd-629a16e9e934','6523ea75-e715-92fc-aec1-63060ad08999'),('699e74c2-30fb-6484-d2ef-63106e8e073a','2022-09-01 08:34:16',0,'715fb17c-6841-48b8-1478-629a168650d3','694d20cc-2448-4a2a-248e-63106ec71a6a'),('6e308cd0-e539-d216-b237-63106ea9138f','2022-09-01 08:34:16',0,'715fb17c-6841-48b8-1478-629a168650d3','6dc80b70-19ec-c899-d242-63106ed027be'),('712b4eca-3acc-fefd-b5f9-63060ac4c851','2022-08-24 11:24:15',0,'d92c4188-332c-4e3b-5bfd-629a16e9e934','70e820ca-e49d-665c-c3aa-63060a8e55e3'),('71af887b-d039-838f-d522-63106e0bf7ac','2022-09-01 08:34:16',0,'715fb17c-6841-48b8-1478-629a168650d3','715b367b-5d57-e141-6120-63106e48656e'),('757e07d3-78fc-5115-69c5-63106e8d202c','2022-09-01 08:34:16',0,'715fb17c-6841-48b8-1478-629a168650d3','6e6d0b1d-b6fb-b719-6fce-63106ecf6dbf'),('7645db7c-c678-9271-f84d-63060a0eb910','2022-08-24 11:24:15',0,'d92c4188-332c-4e3b-5bfd-629a16e9e934','75572ed4-5f4d-3897-4c90-63060a5b733f'),('76adbdd9-d609-a084-3f99-63106e38c2dd','2022-09-01 08:34:16',0,'715fb17c-6841-48b8-1478-629a168650d3','76645013-1dfb-3514-f951-63106e0ea663'),('7788221d-751a-3e94-df5d-630fdb23393a','2022-08-31 22:07:01',0,'d92c4188-332c-4e3b-5bfd-629a16e9e934','74e96715-4b80-0a55-0ca0-630fdbb4d2fe'),('7806e330-042f-c457-5712-631070b72f00','2022-09-01 08:40:35',0,'bf5bcdcd-4a4a-27e3-8e28-629a16cd699c','742ade6a-e6b6-bdf3-f5b5-631070ead5eb'),('7ac24b61-662e-ec8e-c6f9-63060a76cf57','2022-08-24 11:24:15',0,'d92c4188-332c-4e3b-5bfd-629a16e9e934','7a5d4ed5-37f9-8aa1-e9a0-63060a0b7301'),('7b7bc688-2dc8-53ec-3f51-63106e0df7db','2022-09-01 08:34:16',0,'715fb17c-6841-48b8-1478-629a168650d3','7b09d3ef-ac9f-d8b4-18d1-63106ec7e545'),('7ec72233-b02c-399d-a1ec-63060ab85015','2022-08-24 11:24:15',0,'d92c4188-332c-4e3b-5bfd-629a16e9e934','7e6c1cff-4cc8-4ce5-d61e-63060af0d29e'),('8377444e-d279-13ab-31be-630fdbe0831f','2022-08-31 22:07:01',0,'cf8e6331-ed60-0df4-f3f4-629a16167e3d','82b69d67-fd48-39c9-15d6-630fdb0adfd8'),('83fd6c64-ca03-df9a-cc1d-6310707a7f36','2022-09-01 08:40:35',0,'bf5bcdcd-4a4a-27e3-8e28-629a16cd699c','8380668b-1a7c-3acc-c8b6-6310704e6064'),('84232d94-b17d-20f5-5719-63060a4bf41f','2022-08-24 11:24:15',0,'d92c4188-332c-4e3b-5bfd-629a16e9e934','83c881b9-0858-cab0-ea16-63060a94f0b8'),('873a936e-39a7-9fa1-c133-62e6fdfc13d3','2022-07-31 22:07:01',0,'cf8e6331-ed60-0df4-f3f4-629a16167e3d','84a29f38-339c-4781-04d4-62e6fdd2304b'),('88866e57-21d7-7a7c-a653-63060a5eea07','2022-08-24 11:24:15',0,'d92c4188-332c-4e3b-5bfd-629a16e9e934','880f36f0-3f1f-cc8f-4e34-63060a53b953'),('88b759ae-0f7c-3c8b-0de4-63107040736c','2022-09-01 08:40:35',0,'bf5bcdcd-4a4a-27e3-8e28-629a16cd699c','886cb36a-7410-2cc0-60d1-6310707c5372'),('8c06b667-d834-b201-894e-63060a8a4f83','2022-08-24 11:24:15',0,'d92c4188-332c-4e3b-5bfd-629a16e9e934','8ba87021-623a-e290-0c1b-63060a7b7f22'),('8dad721f-6376-1a2e-8940-631070f85513','2022-09-01 08:40:35',0,'bf5bcdcd-4a4a-27e3-8e28-629a16cd699c','8d4e5c5e-f1f7-0383-fa03-63107038c573'),('90be017e-d68e-7e18-1527-63060a687835','2022-08-24 11:24:15',0,'d92c4188-332c-4e3b-5bfd-629a16e9e934','905b0210-4f6b-7f56-61e9-63060a2be931'),('94b109e5-1f6d-5a73-5c12-63060a97f952','2022-08-24 11:24:15',0,'d92c4188-332c-4e3b-5bfd-629a16e9e934','945df1f8-4da0-42a1-be80-63060a9f860e'),('97e2137a-dc03-47dd-3cd1-63060a4aae1a','2022-08-24 11:24:15',0,'d92c4188-332c-4e3b-5bfd-629a16e9e934','9793d3b2-999f-0a80-2a3c-63060afea89e'),('9f71406b-40bf-5669-4ba3-62a08d560dfc','2022-06-08 11:53:17',0,'9909bd90-593c-fae8-0a86-629a16d0aaab','9f2bf2da-8a44-ba99-5140-62a08d30892f'),('ab1100ba-692b-4ae7-6310-63106f028029','2022-09-01 08:39:00',0,'d92c4188-332c-4e3b-5bfd-629a16e9e934','aa804fe5-c19e-d7d1-fb75-63106fea94e4'),('b2b403ef-f684-15f3-1c77-62a08c14f6d6','2022-06-08 11:50:21',0,'cf8e6331-ed60-0df4-f3f4-629a16167e3d','ab690f7a-a79a-9fc1-57bf-62a08c53c905'),('b54ff493-9a14-2b34-31be-63106fbef7ed','2022-09-01 08:39:00',0,'d92c4188-332c-4e3b-5bfd-629a16e9e934','b4efb891-be29-66f8-4cb0-63106fca7393'),('b7827333-0a34-125b-4b34-63106d3a7ef0','2022-09-01 08:31:20',0,'d92c4188-332c-4e3b-5bfd-629a16e9e934','b6284c7d-393e-ff8e-b21f-63106de2587e'),('c6fb6e17-2a30-deb2-3046-62a08cb2bcdb','2022-06-08 11:50:21',0,'cf8e6331-ed60-0df4-f3f4-629a16167e3d','c4beb6a5-7dc9-0b92-e1fd-62a08cf16a89'),('d08001bb-bc26-153c-db16-63106e426382','2022-09-01 08:34:16',0,'715fb17c-6841-48b8-1478-629a168650d3','cab30873-338d-c438-f3c0-63106ee781e4'),('d275a0da-88a3-3f68-ce47-62a08c1740bc','2022-06-08 11:50:21',0,'cf8e6331-ed60-0df4-f3f4-629a16167e3d','d230cbca-d8d5-4f2e-07b6-62a08c66831a'),('d95127c4-b51d-a7ae-219b-62a08ceaaa7e','2022-06-08 11:50:21',0,'cf8e6331-ed60-0df4-f3f4-629a16167e3d','d835db06-feb1-72b0-38ab-62a08c433828'),('dd0b066c-a871-ae72-e6ea-62da470246d4','2022-07-22 06:47:21',0,'9909bd90-593c-fae8-0a86-629a16d0aaab','d8b70dae-b18c-2a42-0706-62da47147439'),('dd3ed408-7516-6553-3e6b-63106efa2f3f','2022-09-01 08:34:16',0,'715fb17c-6841-48b8-1478-629a168650d3','dccd2e0d-8e72-1e6d-b80e-63106e093b9b'),('df0e9492-9fcb-d3fa-dcd1-62a08c2762a8','2022-06-08 11:50:21',0,'cf8e6331-ed60-0df4-f3f4-629a16167e3d','debc3ed3-c721-40d5-ad26-62a08c857a78'),('e428f539-60d2-8e84-ee60-62a08c943e55','2022-06-08 11:50:21',0,'cf8e6331-ed60-0df4-f3f4-629a16167e3d','e3d83e13-eb00-e311-a8ee-62a08cab04ba'),('e6cb7b6b-340c-cec6-3fef-63106e22a74a','2022-09-01 08:34:16',0,'715fb17c-6841-48b8-1478-629a168650d3','e67bb6c4-ce53-f6f8-ce1e-63106ecac932'),('e7f50416-3c06-7c80-746d-62a08d3ed014','2022-06-08 11:51:14',0,'bf5bcdcd-4a4a-27e3-8e28-629a16cd699c','dec60942-11bf-f589-4e7b-62a08d2c4433'),('e915d4e9-a667-d2e0-aab3-62a08cfbc601','2022-06-08 11:50:21',0,'cf8e6331-ed60-0df4-f3f4-629a16167e3d','e8ac3043-2682-708a-61d0-62a08c009830'),('eb82d858-8bf8-b6d6-a13f-63106e839a8d','2022-09-01 08:34:16',0,'715fb17c-6841-48b8-1478-629a168650d3','eb152d28-381b-86f1-e71a-63106e1d3cf7'),('ede6fd26-e9d7-0a3c-1e22-62a08c3fd48b','2022-06-08 11:50:21',0,'cf8e6331-ed60-0df4-f3f4-629a16167e3d','ed79d060-ee37-90c1-5765-62a08ce75dad'),('f159fa6c-157a-0d52-9f57-63106e11f6b4','2022-09-01 08:34:16',0,'715fb17c-6841-48b8-1478-629a168650d3','f0d389cc-f90b-6043-1c9f-63106e230908');
REPLACE INTO `stic_payments_stic_payment_commitments_c` (`id`, `date_modified`, `deleted`, `stic_paymebfe2itments_ida`, `stic_payments_stic_payment_commitmentsstic_payments_idb`) VALUES ('12f8f9f6-cdc4-dfbe-1cd1-62da4764b6af','2022-07-22 06:47:21',0,'e9112b73-471e-da12-8325-62da47808f19','11e35e99-b008-6ec7-b002-62da470fe237'),('1361eb1c-bade-f02f-a253-62a08cd14d43','2022-06-08 11:50:21',0,'b3475519-2696-b4b4-3edf-62a08ca7521e','1216e295-e545-7817-8de3-62a08c9d125b'),('13f16ff9-7860-bd8b-959e-63106ebd90aa','2022-09-01 08:34:16',0,'d112391f-ff63-7527-f964-63106ef8fb7d','120d5eae-7059-b074-c8c2-63106efb78ae'),('17990d1e-d5bf-ed25-710f-62a08cad5de5','2022-06-08 11:50:21',0,'b3475519-2696-b4b4-3edf-62a08ca7521e','f3dd2a7a-dd48-3410-c5dd-62a08cf527db'),('184676a1-732c-22be-4420-62a08c3af6b3','2022-06-08 11:50:21',0,'b3475519-2696-b4b4-3edf-62a08ca7521e','16e0686b-7873-588c-0dfe-62a08c625dfb'),('186d1756-14e3-44be-0b95-63106e79874d','2022-09-01 08:34:16',0,'d112391f-ff63-7527-f964-63106ef8fb7d','172b5bba-e1b8-8cdb-9357-63106e356be1'),('1cb7edcd-56c0-8c8f-8a7e-62da47956f68','2022-07-22 06:47:21',0,'e9112b73-471e-da12-8325-62da47808f19','169f4dcd-9725-0c77-627f-62da470967c9'),('1dcc8419-7237-d28b-08ac-63106eb675d7','2022-09-01 08:34:16',0,'d112391f-ff63-7527-f964-63106ef8fb7d','1c66a482-8156-93c5-503c-63106ea770e7'),('1e56bf71-1456-2c0f-a567-62a08c93d9fb','2022-06-08 11:50:21',0,'b3475519-2696-b4b4-3edf-62a08ca7521e','1ce42041-f606-197a-01e5-62a08c767340'),('22b0f884-8d42-9c0b-702e-63106e8a002c','2022-09-01 08:34:16',0,'d112391f-ff63-7527-f964-63106ef8fb7d','2159726b-cd2b-3c09-24db-63106e443ba9'),('25578b3d-441a-2e4e-0f41-62da47d29a43','2022-07-22 06:47:21',0,'e9112b73-471e-da12-8325-62da47808f19','2403d394-d8b3-8714-f1a0-62da477da304'),('275cb144-7f42-0d59-a068-63106e84b322','2022-09-01 08:34:16',0,'d112391f-ff63-7527-f964-63106ef8fb7d','26316d87-d440-d185-3962-63106e61e127'),('28e7e7be-3987-2457-c334-62da47e5cae0','2022-07-22 06:47:21',0,'e9112b73-471e-da12-8325-62da47808f19','27ee2571-0840-6971-4b56-62da4757eb65'),('2c2b350e-5b3a-aca2-da67-63106ef1f622','2022-09-01 08:34:16',0,'d112391f-ff63-7527-f964-63106ef8fb7d','2af49bb1-7fa8-f64b-ba32-63106e20c5e0'),('2e20c820-878e-732b-0024-62da4730539a','2022-07-22 06:47:21',0,'e9112b73-471e-da12-8325-62da47808f19','2cf0d191-b199-e3b0-7d3b-62da476366be'),('31114294-3285-c745-3e66-62da47d6364d','2022-07-22 06:47:21',0,'e9112b73-471e-da12-8325-62da47808f19','302339ee-887d-0904-fd44-62da47d65db2'),('318f5c0a-b126-7034-924a-63106e8c6fa1','2022-09-01 08:34:16',0,'d112391f-ff63-7527-f964-63106ef8fb7d','2f8e0878-da5a-ca29-481e-63106e8436af'),('33e403b2-0701-2d28-22d1-63106eaa291a','2022-09-01 08:34:16',0,'d112391f-ff63-7527-f964-63106ef8fb7d','1eb0098b-372b-7b64-0c46-63106e644ea6'),('3559689e-0f2f-c8e1-50f6-62da4743f4f4','2022-07-22 06:47:21',0,'e9112b73-471e-da12-8325-62da47808f19','341bc31f-822d-4f40-1abf-62da47436214'),('37e7549b-6fd1-33dc-63aa-63106e920f5a','2022-09-01 08:34:16',0,'d112391f-ff63-7527-f964-63106ef8fb7d','36c1a3b2-33c8-3d7b-9473-63106e6f676b'),('39cd7d9b-38a8-6dc5-a57e-62da47ce02f8','2022-07-22 06:47:21',0,'e9112b73-471e-da12-8325-62da47808f19','389c1e36-597a-8264-5be0-62da47c4cf60'),('3bbb2622-418a-ddae-2e3e-63106e83bf1b','2022-09-01 08:34:16',0,'d112391f-ff63-7527-f964-63106ef8fb7d','3a510234-bb6a-6d0a-d357-63106ea20801'),('3e194cf6-d230-34b3-5981-62da47151dc4','2022-07-22 06:47:21',0,'e9112b73-471e-da12-8325-62da47808f19','3ceeca54-ae4b-f608-1a68-62da47a7b29d'),('3fcc825c-6139-17a5-ba31-63106ecb2274','2022-09-01 08:34:16',0,'d112391f-ff63-7527-f964-63106ef8fb7d','3e8040c5-6715-617f-e37c-63106eff1a56'),('40f7bc95-ef33-4441-b94f-62a08d39f0fb','2022-06-08 11:52:28',0,'3896dbd4-7454-8590-3d20-62a08d96968d','3fb84ecf-1135-c5be-5d62-62a08d3826a0'),('42f05181-4e1f-9df8-6423-62da471fb580','2022-07-22 06:47:21',0,'e9112b73-471e-da12-8325-62da47808f19','41c68bf5-622e-1a8e-757e-62da47410a33'),('4411c498-ec5f-3bfd-8a11-63106e3d9ca8','2022-09-01 08:34:16',0,'d112391f-ff63-7527-f964-63106ef8fb7d','42d62a92-7f4a-b109-2b64-63106ebef3f7'),('4720c7d9-6de5-d441-fc6b-62da47c4dadc','2022-07-22 06:47:21',0,'e9112b73-471e-da12-8325-62da47808f19','45fc723b-1096-2aa9-0bb9-62da471090d9'),('47d87db0-b5d5-7a64-8720-63106eec4ce9','2022-09-01 08:34:16',0,'d112391f-ff63-7527-f964-63106ef8fb7d','46c6b007-34d5-49c1-2eb4-63106e950892'),('48d4dcb6-602d-590a-2049-62be1e33d226','2022-06-30 22:07:02',0,'b3475519-2696-b4b4-3edf-62a08ca7521e','46b67fca-da70-7736-3a72-62be1eb5332f'),('4be6cabe-d255-03e1-1943-63106e646abf','2022-09-01 08:34:16',0,'d112391f-ff63-7527-f964-63106ef8fb7d','4aa0ca3a-aa63-75f6-c2ba-63106efc10ed'),('50c93e41-c1f0-df49-d0b1-63106ecb3c26','2022-09-01 08:34:16',0,'d112391f-ff63-7527-f964-63106ef8fb7d','4f9c136f-03b9-5c75-fcfc-63106ed13a8f'),('554ff5f6-4bb7-7fe7-d55c-63106ee0df14','2022-09-01 08:34:16',0,'d112391f-ff63-7527-f964-63106ef8fb7d','542f5708-186b-2665-f8f2-63106ec8fc66'),('5972cea9-7023-a1db-3ec6-63106e8e15d5','2022-09-01 08:34:16',0,'d112391f-ff63-7527-f964-63106ef8fb7d','584244f6-34e7-4196-2812-63106e92689e'),('5de17566-293a-0969-087b-63106e3dfa07','2022-09-01 08:34:16',0,'d112391f-ff63-7527-f964-63106ef8fb7d','5cb0e2c3-4a15-1e79-b008-63106e4dbc67'),('5e690282-5817-9b8e-412b-62da47e5bc4d','2022-07-22 06:47:21',0,'e9112b73-471e-da12-8325-62da47808f19','3b830521-793b-6b55-19b2-62da479b83d5'),('6279bc0a-13f3-9a85-37a2-63106e0a472c','2022-09-01 08:34:16',0,'d112391f-ff63-7527-f964-63106ef8fb7d','610b4668-577f-25b5-096a-63106e723220'),('66c67eb4-b114-488f-4cca-63106e943926','2022-09-01 08:34:16',0,'d112391f-ff63-7527-f964-63106ef8fb7d','6544e51f-9884-54f4-4634-63106e3d7196'),('68ae2bd4-075a-b998-956a-63060a6ba40b','2022-08-24 11:24:15',0,'51c71e94-ee9b-e842-14d6-63060a7030ed','6523ea75-e715-92fc-aec1-63060ad08999'),('6a91e17d-eaba-e0fb-c559-63106e6107cf','2022-09-01 08:34:16',0,'d112391f-ff63-7527-f964-63106ef8fb7d','694d20cc-2448-4a2a-248e-63106ec71a6a'),('6f1bf253-8817-4a56-0e9b-63106e8854e4','2022-09-01 08:34:16',0,'d112391f-ff63-7527-f964-63106ef8fb7d','6dc80b70-19ec-c899-d242-63106ed027be'),('6fee0640-5434-3bc6-23c8-62a08c3a2beb','2022-06-08 11:50:21',0,'b3475519-2696-b4b4-3edf-62a08ca7521e','58f20280-bc2e-3b94-fbad-62a08c8c610b'),('71f1dd85-9bec-4b4a-6fdb-63060a1ed41a','2022-08-24 11:24:15',0,'51c71e94-ee9b-e842-14d6-63060a7030ed','70e820ca-e49d-665c-c3aa-63060a8e55e3'),('7295bf64-c0ad-1282-9993-63106e026cdc','2022-09-01 08:34:16',0,'d112391f-ff63-7527-f964-63106ef8fb7d','715b367b-5d57-e141-6120-63106e48656e'),('7741915d-3b13-5c70-6e34-63060ad4a852','2022-08-24 11:24:15',0,'51c71e94-ee9b-e842-14d6-63060a7030ed','75572ed4-5f4d-3897-4c90-63060a5b733f'),('77653ba7-2416-64fa-a9ba-63106e977e1c','2022-09-01 08:34:16',0,'d112391f-ff63-7527-f964-63106ef8fb7d','76645013-1dfb-3514-f951-63106e0ea663'),('789e5376-9b01-52da-e226-630fdbb69a1c','2022-08-31 22:07:01',0,'51c71e94-ee9b-e842-14d6-63060a7030ed','74e96715-4b80-0a55-0ca0-630fdbb4d2fe'),('79406ad8-5465-2c7b-d66d-631070211198','2022-09-01 08:40:35',0,'6404e291-5afc-4285-a548-6310705d5080','742ade6a-e6b6-bdf3-f5b5-631070ead5eb'),('7b97da70-7191-0b9c-fc57-63060a0d893b','2022-08-24 11:24:15',0,'51c71e94-ee9b-e842-14d6-63060a7030ed','7a5d4ed5-37f9-8aa1-e9a0-63060a0b7301'),('7c52568e-fd42-73ef-4ca9-63106ee30982','2022-09-01 08:34:16',0,'d112391f-ff63-7527-f964-63106ef8fb7d','7b09d3ef-ac9f-d8b4-18d1-63106ec7e545'),('8027ae35-5edc-7d24-854e-63060ab3937a','2022-08-24 11:24:15',0,'51c71e94-ee9b-e842-14d6-63060a7030ed','7e6c1cff-4cc8-4ce5-d61e-63060af0d29e'),('8452c400-c9df-38a6-b2a9-630fdb982340','2022-08-31 22:07:01',0,'b3475519-2696-b4b4-3edf-62a08ca7521e','82b69d67-fd48-39c9-15d6-630fdb0adfd8'),('84eaa384-92e9-fc5b-ab87-63060a74c403','2022-08-24 11:24:15',0,'51c71e94-ee9b-e842-14d6-63060a7030ed','83c881b9-0858-cab0-ea16-63060a94f0b8'),('850f30f6-f78f-9d3a-c948-6310701877ea','2022-09-01 08:40:35',0,'6404e291-5afc-4285-a548-6310705d5080','8380668b-1a7c-3acc-c8b6-6310704e6064'),('883e1487-30ef-a86a-9d77-62e6fdd4e3bb','2022-07-31 22:07:01',0,'b3475519-2696-b4b4-3edf-62a08ca7521e','84a29f38-339c-4781-04d4-62e6fdd2304b'),('8939466e-624f-e6f9-4266-63060adc96c2','2022-08-24 11:24:15',0,'51c71e94-ee9b-e842-14d6-63060a7030ed','880f36f0-3f1f-cc8f-4e34-63060a53b953'),('89910e9c-d3d6-c319-901b-6310709bcc03','2022-09-01 08:40:35',0,'6404e291-5afc-4285-a548-6310705d5080','886cb36a-7410-2cc0-60d1-6310707c5372'),('8cd808aa-83aa-936a-092a-63060aa0d573','2022-08-24 11:24:15',0,'51c71e94-ee9b-e842-14d6-63060a7030ed','8ba87021-623a-e290-0c1b-63060a7b7f22'),('8e8ac38a-005a-e521-6a6b-6310707fed9c','2022-09-01 08:40:35',0,'6404e291-5afc-4285-a548-6310705d5080','8d4e5c5e-f1f7-0383-fa03-63107038c573'),('91875433-ae9e-aff9-f6cc-63060a2c88d6','2022-08-24 11:24:15',0,'51c71e94-ee9b-e842-14d6-63060a7030ed','905b0210-4f6b-7f56-61e9-63060a2be931'),('91d90fa3-9fe6-67f7-685c-63106ecb69dc','2022-09-01 08:34:16',0,'d112391f-ff63-7527-f964-63106ef8fb7d','6e6d0b1d-b6fb-b719-6fce-63106ecf6dbf'),('95600207-6115-c4ee-036a-63060a0e7845','2022-08-24 11:24:15',0,'51c71e94-ee9b-e842-14d6-63060a7030ed','945df1f8-4da0-42a1-be80-63060a9f860e'),('98bcc506-a205-1600-65f5-63060ab20459','2022-08-24 11:24:15',0,'51c71e94-ee9b-e842-14d6-63060a7030ed','9793d3b2-999f-0a80-2a3c-63060afea89e'),('a0220e4b-776c-a9af-2c10-62a08d5a7b6e','2022-06-08 11:53:17',0,'9793d15e-cfb1-51ac-ed70-62a08dd49772','9f2bf2da-8a44-ba99-5140-62a08d30892f'),('ac33a657-3517-a943-bbeb-63106f668e09','2022-09-01 08:39:00',0,'9fcd0729-d2a2-97ac-1d4e-63106f085545','aa804fe5-c19e-d7d1-fb75-63106fea94e4'),('b6a28ccd-a1f6-3416-13c5-63106f2ff22e','2022-09-01 08:39:00',0,'9fcd0729-d2a2-97ac-1d4e-63106f085545','b4efb891-be29-66f8-4cb0-63106fca7393'),('b889d73f-9e00-7342-089f-63106d97fa79','2022-09-01 08:31:20',0,'a50a2c62-654e-f84d-6b3e-63106de641a7','b6284c7d-393e-ff8e-b21f-63106de2587e'),('c1d40c68-3134-2625-5d05-62a08ce9e31d','2022-06-08 11:50:21',0,'b3475519-2696-b4b4-3edf-62a08ca7521e','ab690f7a-a79a-9fc1-57bf-62a08c53c905'),('c91e108e-6aff-3ccd-d85d-62a08cf3876a','2022-06-08 11:50:21',0,'b3475519-2696-b4b4-3edf-62a08ca7521e','c4beb6a5-7dc9-0b92-e1fd-62a08cf16a89'),('d4888222-c810-78f8-b1d2-62a08c692447','2022-06-08 11:50:21',0,'b3475519-2696-b4b4-3edf-62a08ca7521e','d230cbca-d8d5-4f2e-07b6-62a08c66831a'),('dab6ba3b-9df0-5263-00ad-62a08c3c3cd0','2022-06-08 11:50:21',0,'b3475519-2696-b4b4-3edf-62a08ca7521e','d835db06-feb1-72b0-38ab-62a08c433828'),('de274e95-e0a9-3269-6a34-63106e3fc5a8','2022-09-01 08:34:16',0,'d112391f-ff63-7527-f964-63106ef8fb7d','dccd2e0d-8e72-1e6d-b80e-63106e093b9b'),('dfed5401-c504-93fc-8a61-62a08c7f399c','2022-06-08 11:50:21',0,'b3475519-2696-b4b4-3edf-62a08ca7521e','debc3ed3-c721-40d5-ad26-62a08c857a78'),('e01208ee-655f-f771-4262-63106e8338e8','2022-09-01 08:34:16',0,'d112391f-ff63-7527-f964-63106ef8fb7d','cab30873-338d-c438-f3c0-63106ee781e4'),('e50f8a30-be7c-0f4e-d77c-62a08c2cdcad','2022-06-08 11:50:21',0,'b3475519-2696-b4b4-3edf-62a08ca7521e','e3d83e13-eb00-e311-a8ee-62a08cab04ba'),('e7d63b80-ec89-0a3d-38f4-63106ee6b1a8','2022-09-01 08:34:16',0,'d112391f-ff63-7527-f964-63106ef8fb7d','e67bb6c4-ce53-f6f8-ce1e-63106ecac932'),('ea02bfe5-9b00-f95d-a801-62a08c61cca0','2022-06-08 11:50:21',0,'b3475519-2696-b4b4-3edf-62a08ca7521e','e8ac3043-2682-708a-61d0-62a08c009830'),('eab40cf9-25a7-4c10-673c-62da47fdec58','2022-07-22 06:47:21',0,'e9112b73-471e-da12-8325-62da47808f19','d8b70dae-b18c-2a42-0706-62da47147439'),('ec7cafc0-38bd-873a-7e63-63106e9447b5','2022-09-01 08:34:16',0,'d112391f-ff63-7527-f964-63106ef8fb7d','eb152d28-381b-86f1-e71a-63106e1d3cf7'),('eeefb48b-aecd-3194-35f8-62a08c61aae4','2022-06-08 11:50:21',0,'b3475519-2696-b4b4-3edf-62a08ca7521e','ed79d060-ee37-90c1-5765-62a08ce75dad'),('f260ee50-2832-c40b-90dc-63106edbfe1d','2022-09-01 08:34:16',0,'d112391f-ff63-7527-f964-63106ef8fb7d','f0d389cc-f90b-6043-1c9f-63106e230908'),('f5910724-d95b-9f09-939e-62a08d827db3','2022-06-08 11:51:14',0,'66f10440-0b90-5bcf-209e-62a08de53ff5','dec60942-11bf-f589-4e7b-62a08d2c4433');
REPLACE INTO `stic_personal_environment` (`id`, `name`, `date_entered`, `date_modified`, `modified_user_id`, `created_by`, `description`, `deleted`, `assigned_user_id`, `relationship_type`, `reference_contact`, `coexistence_status`, `start_date`, `end_date`) VALUES ('307aa7ed-282d-d53c-1578-62b17ad12de1','Florencia Duarte Barco - Vecino/a - Leo Sans','2022-06-21 07:59:14','2022-06-21 07:59:14','9','9','',0,'9','neighbor',0,'no_coexistence','2022-06-21',NULL),('49128e41-6ac6-03e0-5b61-62b17af25db7','Ángel Armengol Goicoechea - Pareja - Florencia Duarte Barco','2022-06-21 08:00:10','2022-06-21 08:00:10','9','9','(0)',0,'9','couple',0,'','2022-04-13',NULL),('67d8787a-e251-bb31-d177-62b17a16efd8','Edu Velázquez - Madre - Maite Novoa Marcos','2022-06-21 08:01:37','2022-06-21 08:01:37','9','9','',0,'9','mother',0,'','2022-05-04',NULL),('a2ca9ab9-d46a-d244-dc82-63060ccf6769','Edu Velázquez - Hermano - Gustavo Cal-Jerez','2022-08-24 11:34:52','2022-08-24 11:34:52','2','9','',0,'9','brother',0,'','2022-08-01',NULL),('b9cc7298-7762-7a6b-3853-63060cd2758c','Florencia Duarte Barco - Pareja - Edu Velázquez','2022-08-24 11:33:47','2022-08-24 11:34:27','2','9',NULL,0,'9','couple',0,NULL,'2022-08-01',NULL),('bdddb128-70d9-1989-6a61-63060c25eaed','Jordana Villanueva Téllez - Vecino/a - Edu Velázquez','2022-08-24 11:34:02','2022-08-24 11:34:21','2','9',NULL,0,'9','neighbor',0,NULL,'2022-08-01',NULL);
REPLACE INTO `stic_personal_environment_accounts_c` (`id`, `date_modified`, `deleted`, `stic_personal_environment_accountsaccounts_ida`, `stic_persofe40onment_idb`) VALUES ('377d597a-8ad9-36ed-2e35-62b17a339125','2022-06-21 07:59:14',0,'c6210139-0fa2-cd22-2d6c-629a164c9a3f','307aa7ed-282d-d53c-1578-62b17ad12de1');
REPLACE INTO `stic_personal_environment_contacts_c` (`id`, `date_modified`, `deleted`, `stic_personal_environment_contactscontacts_ida`, `stic_perso4499onment_idb`) VALUES ('33202488-76dc-cb72-6149-62b17a6dcfbc','2022-06-21 07:59:14',0,'e3c9d0cc-6210-9f62-e8c2-62a216d2ca26','307aa7ed-282d-d53c-1578-62b17ad12de1'),('4b036f13-7778-aaf7-bf01-62b17ab163e9','2022-06-21 08:00:10',0,'7cca2ead-1566-49c3-846f-629a16df6f37','49128e41-6ac6-03e0-5b61-62b17af25db7'),('69cb0e0b-4094-295e-aecd-62b17aa83bcb','2022-06-21 08:01:37',0,'64dd868d-4554-fc20-5434-629a16216f28','67d8787a-e251-bb31-d177-62b17a16efd8'),('a4d828ff-7f77-3df8-ea75-63060ca06efd','2022-08-24 11:34:52',0,'9909bd90-593c-fae8-0a86-629a16d0aaab','a2ca9ab9-d46a-d244-dc82-63060ccf6769'),('bc8b01eb-9c51-25d9-1cd5-63060c6068a1','2022-08-24 11:33:47',0,'d92c4188-332c-4e3b-5bfd-629a16e9e934','b9cc7298-7762-7a6b-3853-63060cd2758c'),('bfebd313-8e2d-6267-f685-63060c24bbf2','2022-08-24 11:34:02',0,'d92c4188-332c-4e3b-5bfd-629a16e9e934','bdddb128-70d9-1989-6a61-63060c25eaed');
REPLACE INTO `stic_personal_environment_contacts_1_c` (`id`, `date_modified`, `deleted`, `stic_personal_environment_contacts_1contacts_ida`, `stic_perso369eonment_idb`) VALUES ('348246cc-510c-cc19-bc9f-62b17abd48de','2022-06-21 07:59:14',0,'7cca2ead-1566-49c3-846f-629a16df6f37','307aa7ed-282d-d53c-1578-62b17ad12de1'),('4c4ac9b2-80b0-ff9e-3e02-62b17a118198','2022-06-21 08:00:10',0,'8af87a2b-f754-b106-c530-629a1603544a','49128e41-6ac6-03e0-5b61-62b17af25db7'),('6b3d8e79-4fef-b304-eb47-62b17aa953dc','2022-06-21 08:01:37',0,'d92c4188-332c-4e3b-5bfd-629a16e9e934','67d8787a-e251-bb31-d177-62b17a16efd8'),('a62ef878-7cb2-6b36-2c88-63060c845399','2022-08-24 11:34:52',0,'d92c4188-332c-4e3b-5bfd-629a16e9e934','a2ca9ab9-d46a-d244-dc82-63060ccf6769'),('c156adbf-2160-7416-0b1e-63060cdf75f7','2022-08-24 11:33:47',0,'7cca2ead-1566-49c3-846f-629a16df6f37','b9cc7298-7762-7a6b-3853-63060cd2758c'),('c1719cdd-09f7-09c8-7e08-63060cd5277a','2022-08-24 11:34:02',0,'a8118958-757f-b13f-686d-629a16b30c2d','bdddb128-70d9-1989-6a61-63060c25eaed');
REPLACE INTO `stic_registrations` (`id`, `name`, `date_entered`, `date_modified`, `modified_user_id`, `created_by`, `description`, `deleted`, `assigned_user_id`, `status`, `registration_date`, `not_participating_reason`, `rejection_reason`, `participation_type`, `special_needs`, `special_needs_description`, `attendance_percentage`, `attended_hours`, `attendees`, `disabled_weekdays`, `session_amount`) VALUES ('176e0992-a61b-26cf-c58d-63106ba8c3b1','Manolo Lasa Casanova - Asamblea de socios 2021','2022-09-01 08:22:24','2022-09-01 08:22:24','9','9','',0,'9','confirmed','2021-02-17 10:00:00','','','attendant','','',NULL,NULL,1,'',NULL),('1b551cbc-97bb-bba5-ea03-62a21138a46b','Florencia Duarte Barco - Charla coloquio sobre derecho a la vivienda','2022-06-09 15:30:00','2022-06-09 15:30:00','9','9','',0,'9','confirmed','2022-06-09 09:00:00','','','','','',NULL,NULL,1,'',NULL),('2f377f13-7941-7265-9ea7-63106c7911da','Susana Vázquez López - Sesiones grupales de arteterapia','2022-09-01 08:27:06','2022-09-01 08:27:06','9','9','',0,'9','participates','2022-08-01 09:00:00','','','','','',0.00,0.00,1,'',NULL),('38336b32-afde-0b29-ef73-63106b4b8ea0','Ángel Armengol Goicoechea - Asamblea de socios 2021','2022-09-01 08:22:58','2022-09-01 08:22:58','9','9','',0,'9','confirmed','2021-02-11 10:00:00','','','attendant','','',NULL,NULL,1,'',NULL),('3e62f384-c54e-12a6-8cac-63060f146571','Marianela Soto Camps - Taller de creación de comics','2022-08-24 11:46:24','2022-08-24 11:46:24','2','9','',0,'9','invited','2022-08-24 09:00:00','','','','','',NULL,NULL,1,'',NULL),('476c33dc-d999-c016-8202-62b17c61ad2a','Leo Sans - Taller de creación de comics','2022-06-21 08:07:50','2022-06-21 08:07:50','9','9','',0,'9','confirmed','2022-04-01 09:00:00','','','','','',50.00,34.00,1,'',NULL),('5a0452c4-368c-1deb-6a82-62b186d8d55a','Ángel Armengol Goicoechea - Formación online para mediadores vecinales','2022-06-21 08:53:17','2022-06-21 08:53:17','9','9','',0,'9','confirmed','2022-05-31 22:00:00','','','','','',69.23,13.50,1,'',NULL),('6ed931b6-c811-4de5-748d-62a212e633cb','Maite Novoa Marcos - Charla coloquio sobre derecho a la vivienda','2022-06-09 15:30:22','2022-06-09 15:30:22','9','9','',0,'9','confirmed','2022-06-09 09:00:00','','','','','',NULL,NULL,1,'',NULL),('7932e3c3-c5fc-8942-95f5-63106d62940f','Florencia Duarte Barco - Sesiones grupales de arteterapia','2022-09-01 08:27:55','2022-09-01 08:27:55','9','9','',0,'9','invited','2022-08-02 09:00:00','','','','','',NULL,NULL,1,'',NULL),('7f1d57ee-ef42-b105-cfee-62a211aa9415','Marianela Soto Camps - Charla coloquio sobre derecho a la vivienda','2022-06-09 15:29:15','2022-06-09 15:29:15','9','9','',0,'9','confirmed','2022-06-09 09:00:00','','','','','',NULL,NULL,1,'',NULL),('8f587930-c51c-307e-1985-62b17cb33b36','Edu Velázquez - Taller de creación de comics','2022-06-21 08:09:12','2022-06-21 08:09:12','9','9','',0,'9','confirmed','2022-05-01 09:00:00','','','','','',38.24,26.00,1,'',NULL),('9a083711-195e-292d-1af3-63106b5ff168','Edu Velázquez - Asamblea de socios 2021','2022-09-01 08:21:17','2022-09-01 08:21:17','9','9','',0,'9','confirmed','2021-02-09 10:00:00','','','attendant','','',NULL,NULL,1,'',NULL),('a0a6c42d-e81b-a71a-2fb0-63106c5e7210','Maite Novoa Marcos - Sesiones grupales de arteterapia','2022-09-01 08:27:32','2022-09-01 08:27:32','9','9','',0,'9','participates','2022-08-03 09:00:00','','','','','',0.00,0.00,1,'',NULL),('b07e2e71-fc4f-28fb-dccb-63060f42bfa0','Maite Novoa Marcos - Taller de creación de comics','2022-08-24 11:47:01','2022-08-24 11:47:01','2','9','',0,'9','invited','2022-08-24 09:00:00','','','','','',NULL,NULL,1,'',NULL),('ba1d0f2f-9ff4-6ccf-7438-62a212b2dfc1','Luisa Aragón Noriega - Charla coloquio sobre derecho a la vivienda','2022-06-09 15:30:43','2022-06-09 15:30:43','9','9','',0,'9','confirmed','2022-06-09 09:00:00','','','','','',NULL,NULL,1,'',NULL),('c62d3ef0-2a42-ce78-c674-62b187687cb4','Zacarías Cisneros Balaguer - Formación online para mediadores vecinales','2022-06-21 08:53:43','2022-06-21 08:53:58','9','9',NULL,0,'9','participates','2022-06-01 09:00:00',NULL,NULL,NULL,NULL,NULL,7.69,1.50,1,'^^',NULL),('d9db7680-1a78-4b4a-70ba-63106d2771c2','Edu Velázquez - Sesiones grupales de arteterapia','2022-09-01 08:28:23','2022-09-01 08:28:23','9','9','',0,'9','confirmed','2022-08-02 09:00:00','','','','','',0.00,0.00,1,'',NULL),('f1c77fcb-dcd2-6936-1d73-62a212cb381a','Bruno Velázquez - Charla coloquio sobre derecho a la vivienda','2022-06-09 15:30:55','2022-06-09 15:30:55','9','9','',0,'9','confirmed','2022-06-09 09:00:00','','','','','',NULL,NULL,1,'',NULL);
REPLACE INTO `stic_registrations_contacts_c` (`id`, `date_modified`, `deleted`, `stic_registrations_contactscontacts_ida`, `stic_registrations_contactsstic_registrations_idb`) VALUES ('1aa0404d-6811-a94c-860f-63106be8dda1','2022-09-01 08:22:24',0,'715fb17c-6841-48b8-1478-629a168650d3','176e0992-a61b-26cf-c58d-63106ba8c3b1'),('1ea2db6d-4f1e-2109-2968-62a2110de058','2022-06-09 15:30:00',0,'7cca2ead-1566-49c3-846f-629a16df6f37','1b551cbc-97bb-bba5-ea03-62a21138a46b'),('32c43fac-c664-0aed-13e9-63106c1c96cd','2022-09-01 08:27:06',0,'50fcf1d5-3c66-c3fa-12a0-62a215ccff26','2f377f13-7941-7265-9ea7-63106c7911da'),('3b6f50e3-f644-2a52-9968-63106b8a8958','2022-09-01 08:22:58',0,'8af87a2b-f754-b106-c530-629a1603544a','38336b32-afde-0b29-ef73-63106b4b8ea0'),('41bd5dd8-2c2e-8fed-e6cb-63060f25ff20','2022-08-24 11:46:24',0,'cf8e6331-ed60-0df4-f3f4-629a16167e3d','3e62f384-c54e-12a6-8cac-63060f146571'),('4f5073bf-4857-656e-f673-62b17c02902d','2022-06-21 08:07:50',0,'e3c9d0cc-6210-9f62-e8c2-62a216d2ca26','476c33dc-d999-c016-8202-62b17c61ad2a'),('5d4b515d-31ea-3421-9fbf-62b186384861','2022-06-21 08:53:17',0,'8af87a2b-f754-b106-c530-629a1603544a','5a0452c4-368c-1deb-6a82-62b186d8d55a'),('72876504-97ef-95cf-bf19-62a21228194d','2022-06-09 15:30:22',0,'64dd868d-4554-fc20-5434-629a16216f28','6ed931b6-c811-4de5-748d-62a212e633cb'),('7ca0b594-14eb-ca54-a25b-63106dabe41f','2022-09-01 08:27:55',0,'7cca2ead-1566-49c3-846f-629a16df6f37','7932e3c3-c5fc-8942-95f5-63106d62940f'),('83045193-e2fd-28da-635b-62a211f1992b','2022-06-09 15:29:15',0,'cf8e6331-ed60-0df4-f3f4-629a16167e3d','7f1d57ee-ef42-b105-cfee-62a211aa9415'),('9316dfa6-2d70-19c2-1b37-62b17cb3a950','2022-06-21 08:09:12',0,'d92c4188-332c-4e3b-5bfd-629a16e9e934','8f587930-c51c-307e-1985-62b17cb33b36'),('9f0a97c7-77a2-8f14-33d0-63106b915579','2022-09-01 08:21:17',0,'d92c4188-332c-4e3b-5bfd-629a16e9e934','9a083711-195e-292d-1af3-63106b5ff168'),('a4366104-2648-c786-035d-63106c1dbeb3','2022-09-01 08:27:32',0,'64dd868d-4554-fc20-5434-629a16216f28','a0a6c42d-e81b-a71a-2fb0-63106c5e7210'),('b3f27ea0-8c20-c89b-ef55-63060ff4f119','2022-08-24 11:47:01',0,'64dd868d-4554-fc20-5434-629a16216f28','b07e2e71-fc4f-28fb-dccb-63060f42bfa0'),('c9737353-2399-6994-61ac-62b18794d59b','2022-06-21 08:53:43',0,'bf5bcdcd-4a4a-27e3-8e28-629a16cd699c','c62d3ef0-2a42-ce78-c674-62b187687cb4'),('dd903304-db7d-f2b9-ee70-63106d5aca20','2022-09-01 08:28:23',0,'d92c4188-332c-4e3b-5bfd-629a16e9e934','d9db7680-1a78-4b4a-70ba-63106d2771c2');
REPLACE INTO `stic_registrations_leads_c` (`id`, `date_modified`, `deleted`, `stic_registrations_leadsleads_ida`, `stic_registrations_leadsstic_registrations_idb`) VALUES ('1c910164-917f-2726-6ef0-62a212a4cd1a','2022-06-09 15:30:55',0,'9633c635-44b9-54e5-d052-62a208d2d621','f1c77fcb-dcd2-6936-1d73-62a212cb381a'),('be931868-014f-eaf9-71a2-62a2127494f2','2022-06-09 15:30:43',0,'632fb77b-7380-8882-a08b-62a2082db4a1','ba1d0f2f-9ff4-6ccf-7438-62a212b2dfc1');
REPLACE INTO `stic_registrations_stic_events_c` (`id`, `date_modified`, `deleted`, `stic_registrations_stic_eventsstic_events_ida`, `stic_registrations_stic_eventsstic_registrations_idb`) VALUES ('1c9f589b-063e-5b55-0765-63106b6812c1','2022-09-01 08:22:24',0,'4e7d0ae6-9935-f81a-8ff5-63106af4f168','176e0992-a61b-26cf-c58d-63106ba8c3b1'),('1f1fdccb-8357-f8fc-6c0b-62a212640b53','2022-06-09 15:30:55',0,'cba91eba-7031-a016-4fb7-62a211b0e4b9','f1c77fcb-dcd2-6936-1d73-62a212cb381a'),('33676f4e-1e64-8d72-ca04-62a21144e37c','2022-06-09 15:30:00',0,'cba91eba-7031-a016-4fb7-62a211b0e4b9','1b551cbc-97bb-bba5-ea03-62a21138a46b'),('34fbb659-8638-1bff-92bf-63106cb8f1a6','2022-09-01 08:27:06',0,'e4f5cb04-41e8-3c9c-cf16-63106c674435','2f377f13-7941-7265-9ea7-63106c7911da'),('3d704b74-a1c7-8b63-148d-63106b995375','2022-09-01 08:22:58',0,'4e7d0ae6-9935-f81a-8ff5-63106af4f168','38336b32-afde-0b29-ef73-63106b4b8ea0'),('44272ada-72a3-f2be-9b49-63060f7a189e','2022-08-24 11:46:24',0,'4531e06e-a561-48c0-966f-62b17b639f78','3e62f384-c54e-12a6-8cac-63060f146571'),('550c98a6-c753-2b85-5aae-62b17cdc7844','2022-06-21 08:07:50',0,'4531e06e-a561-48c0-966f-62b17b639f78','476c33dc-d999-c016-8202-62b17c61ad2a'),('5f32dda0-11fc-c816-5093-62b18640f02c','2022-06-21 08:53:17',0,'80723781-cee6-061a-5156-62b1863411a4','5a0452c4-368c-1deb-6a82-62b186d8d55a'),('7da4eb9e-a9f7-c90a-91d6-62a2127cedbe','2022-06-09 15:30:22',0,'cba91eba-7031-a016-4fb7-62a211b0e4b9','6ed931b6-c811-4de5-748d-62a212e633cb'),('7ec2f78b-ecc2-d7e4-eda0-63106da4295f','2022-09-01 08:27:55',0,'e4f5cb04-41e8-3c9c-cf16-63106c674435','7932e3c3-c5fc-8942-95f5-63106d62940f'),('8ac3632f-a828-292b-a8f4-62a211420000','2022-06-09 15:29:15',0,'cba91eba-7031-a016-4fb7-62a211b0e4b9','7f1d57ee-ef42-b105-cfee-62a211aa9415'),('952886b7-50a4-c198-fe2c-62b17cd78df8','2022-06-21 08:09:12',0,'4531e06e-a561-48c0-966f-62b17b639f78','8f587930-c51c-307e-1985-62b17cb33b36'),('a2f96235-da14-e100-9d9b-63106b2cf60b','2022-09-01 08:21:17',0,'4e7d0ae6-9935-f81a-8ff5-63106af4f168','9a083711-195e-292d-1af3-63106b5ff168'),('a65dd724-8229-fac9-f1fd-63106c53ad50','2022-09-01 08:27:32',0,'e4f5cb04-41e8-3c9c-cf16-63106c674435','a0a6c42d-e81b-a71a-2fb0-63106c5e7210'),('b6ad8ef8-3cd0-f006-1334-63060feb0dda','2022-08-24 11:47:01',0,'4531e06e-a561-48c0-966f-62b17b639f78','b07e2e71-fc4f-28fb-dccb-63060f42bfa0'),('c6e62235-7cea-2477-6ac2-62a2125f2f51','2022-06-09 15:30:43',0,'cba91eba-7031-a016-4fb7-62a211b0e4b9','ba1d0f2f-9ff4-6ccf-7438-62a212b2dfc1'),('cbdf5b1b-552d-2c0c-6be1-62b18723cecc','2022-06-21 08:53:43',0,'80723781-cee6-061a-5156-62b1863411a4','c62d3ef0-2a42-ce78-c674-62b187687cb4'),('e2097cda-81b2-492f-3109-63106dd00912','2022-09-01 08:28:23',0,'e4f5cb04-41e8-3c9c-cf16-63106c674435','d9db7680-1a78-4b4a-70ba-63106d2771c2');
REPLACE INTO `stic_resources` (`id`, `name`, `date_entered`, `date_modified`, `modified_user_id`, `created_by`, `description`, `deleted`, `assigned_user_id`, `code`, `color`, `type`, `status`, `hourly_rate`, `daily_rate`, `contact_id_c`, `account_id_c`) VALUES ('23976950-3cc6-e5c1-7a61-62a212fa87e1','Proyector 1','2022-06-09 15:33:11','2022-09-01 08:45:43','9','9',NULL,0,'9','P1','#C7A014','office_materials','active',NULL,NULL,'',''),('34116bda-7aca-6678-46b4-631071c07269','Proyector 3','2022-09-01 08:47:08','2022-09-01 08:47:08','9','9','',0,'9','P3','#C7A014','office_materials','inactive',NULL,NULL,'',''),('440b0870-4738-54d7-95c6-631071c1b522','Proyector 2','2022-09-01 08:46:40','2022-09-01 08:46:40','9','9','',0,'9','P2','#C7A014','office_materials','temporarily_unavailable',NULL,NULL,'',''),('6e75c11b-8190-4ec5-3659-62a215145236','Ordenador Portátil nº 1','2022-06-09 15:43:32','2022-06-09 15:43:32','9','9','',0,'9','PC1','#F063E3','electronics','active',NULL,NULL,'',''),('8880dcbb-1c7b-7b7e-0905-62a212aa89c8','Sala de reuniones nº 2','2022-06-09 15:32:42','2022-06-09 15:42:19','9','9',NULL,0,'9','S2','#9AC714','room','active',25.00,NULL,'',''),('a1e5b404-e644-48c0-c1f1-6310711027e6','Ordenador Portátil nº 2','2022-09-01 08:47:28','2022-09-01 08:47:28','9','9','',0,'9','PC2','#F063E3','electronics','active',NULL,NULL,'',''),('bfb66d70-d207-5ed1-3972-62a2127afacf','Sala de reuniones nº 1','2022-06-09 15:32:25','2022-06-09 15:42:26','9','9',NULL,0,'9','S1','#14C7BC','room','active',NULL,NULL,'','');
REPLACE INTO `stic_resources_stic_bookings_c` (`id`, `date_modified`, `deleted`, `stic_resources_stic_bookingsstic_resources_ida`, `stic_resources_stic_bookingsstic_bookings_idb`) VALUES ('2afd4de9-1b25-bd6b-3680-63060df8866c','2022-08-24 11:36:03',0,'6e75c11b-8190-4ec5-3659-62a215145236','1f5558e3-0576-0a07-0c2f-63060d174a34'),('3c7746bb-d67e-11d8-29e7-631072b0b83a','2022-09-01 08:49:39',0,'8880dcbb-1c7b-7b7e-0905-62a212aa89c8','32d2e26d-b44e-91f3-740f-631072dfff9f'),('4afab8bc-adb6-1ec0-7735-6310711b80c6','2022-09-01 08:48:24',0,'6e75c11b-8190-4ec5-3659-62a215145236','40cec08d-cd0f-8e00-a056-631071e2e02f'),('61e64911-2523-50a0-9998-631072e41392','2022-09-01 08:50:32',0,'6e75c11b-8190-4ec5-3659-62a215145236','572fa6ce-5317-78e5-e168-631072f65585'),('8fa580b5-6b25-7446-65e3-62a2131a8aea','2022-06-09 15:34:49',0,'8880dcbb-1c7b-7b7e-0905-62a212aa89c8','750af587-3b71-cb5a-73bb-62a21322b06f'),('92d55ca3-4817-7f47-28b0-62a2123a575b','2022-06-09 15:34:03',0,'bfb66d70-d207-5ed1-3972-62a2127afacf','7fc7ab12-9c52-e999-76fa-62a21204a2a4'),('9cbd910d-3830-13d7-7393-62a212746c9b','2022-06-09 15:34:03',0,'23976950-3cc6-e5c1-7a61-62a212fa87e1','7fc7ab12-9c52-e999-76fa-62a21204a2a4'),('e3545933-ea6e-644b-b4f8-63060d347cde','2022-08-24 11:36:37',0,'8880dcbb-1c7b-7b7e-0905-62a212aa89c8','d506e4ff-7bf2-39fe-8a6e-63060d242d39'),('ecb3efa1-60e3-109e-51f6-62a21393b78c','2022-06-09 15:36:09',0,'bfb66d70-d207-5ed1-3972-62a2127afacf','df6a7637-97de-b9b9-c72d-62a213be9fb1');
REPLACE INTO `stic_sessions` (`id`, `name`, `date_entered`, `date_modified`, `modified_user_id`, `created_by`, `description`, `deleted`, `assigned_user_id`, `contact_id_c`, `start_date`, `end_date`, `duration`, `total_attendances`, `validated_attendances`, `weekday`, `activity_type`) VALUES ('41b014f5-1bcb-74b7-881f-62b17b575f93','Taller de creación de comics | 04/04/2022 17:00h','2022-06-21 08:06:19','2022-06-21 08:06:19','9','9',NULL,0,'9',NULL,'2022-04-04 15:00:00','2022-04-04 17:00:00',2.00,1,1,'1',NULL),('51d1ae6f-8f38-2ac8-df93-62b17bbada05','Taller de creación de comics | 06/04/2022 17:00h','2022-06-21 08:06:19','2022-06-21 08:06:19','9','9',NULL,0,'9',NULL,'2022-04-06 15:00:00','2022-04-06 17:00:00',2.00,1,1,'3',NULL),('55f95fa9-42b8-9e67-11f1-62b17becaefa','Taller de creación de comics | 11/04/2022 17:00h','2022-06-21 08:06:19','2022-06-21 08:06:19','9','9',NULL,0,'9',NULL,'2022-04-11 15:00:00','2022-04-11 17:00:00',2.00,1,1,'1',NULL),('58a0a789-7612-51e0-67c5-62b17b6a61cf','Taller de creación de comics | 13/04/2022 17:00h','2022-06-21 08:06:19','2022-06-21 08:06:19','9','9',NULL,0,'9',NULL,'2022-04-13 15:00:00','2022-04-13 17:00:00',2.00,1,1,'3',NULL),('5b4dee7f-f028-73e1-a286-62b17bf90790','Taller de creación de comics | 18/04/2022 17:00h','2022-06-21 08:06:19','2022-06-21 08:06:19','9','9',NULL,0,'9',NULL,'2022-04-18 15:00:00','2022-04-18 17:00:00',2.00,1,1,'1',NULL),('5e1b6962-d327-ab62-3825-62b17bfdd97b','Taller de creación de comics | 20/04/2022 17:00h','2022-06-21 08:06:19','2022-06-21 08:06:19','9','9',NULL,0,'9',NULL,'2022-04-20 15:00:00','2022-04-20 17:00:00',2.00,1,1,'3',NULL),('60a94007-7541-b7e7-b31b-62b17bf544d0','Taller de creación de comics | 25/04/2022 17:00h','2022-06-21 08:06:19','2022-06-21 08:06:19','9','9',NULL,0,'9',NULL,'2022-04-25 15:00:00','2022-04-25 17:00:00',2.00,1,1,'1',NULL),('63b4bdba-44df-98a9-10d4-62b17b940520','Taller de creación de comics | 27/04/2022 17:00h','2022-06-21 08:06:19','2022-06-21 08:06:19','9','9',NULL,0,'9',NULL,'2022-04-27 15:00:00','2022-04-27 17:00:00',2.00,1,1,'3',NULL),('66da8ba8-398f-aac1-abb8-62b17b01e2b0','Taller de creación de comics | 02/05/2022 17:00h','2022-06-21 08:06:19','2022-06-21 08:06:19','9','9',NULL,0,'9',NULL,'2022-05-02 15:00:00','2022-05-02 17:00:00',2.00,2,2,'1',NULL),('6a445f37-7839-e762-53b9-62b17bda06bf','Taller de creación de comics | 04/05/2022 17:00h','2022-06-21 08:06:19','2022-06-21 08:06:19','9','9',NULL,0,'9',NULL,'2022-05-04 15:00:00','2022-05-04 17:00:00',2.00,2,2,'3',NULL),('6dcdca9c-6458-01ac-af19-62b17bc02adc','Taller de creación de comics | 09/05/2022 17:00h','2022-06-21 08:06:19','2022-06-21 08:06:19','9','9',NULL,0,'9',NULL,'2022-05-09 15:00:00','2022-05-09 17:00:00',2.00,2,2,'1',NULL),('712bc20c-bdd5-dd67-c878-62b17b1d483c','Taller de creación de comics | 11/05/2022 17:00h','2022-06-21 08:06:19','2022-06-21 08:06:19','9','9',NULL,0,'9',NULL,'2022-05-11 15:00:00','2022-05-11 17:00:00',2.00,2,2,'3',NULL),('743244e7-6e1b-cf8e-ef3e-62b17b92272a','Taller de creación de comics | 16/05/2022 17:00h','2022-06-21 08:06:19','2022-06-21 08:06:19','9','9',NULL,0,'9',NULL,'2022-05-16 15:00:00','2022-05-16 17:00:00',2.00,2,2,'1',NULL),('77664af3-bd90-51bd-5660-62b17b57e59e','Taller de creación de comics | 18/05/2022 17:00h','2022-06-21 08:06:19','2022-06-21 08:06:19','9','9',NULL,0,'9',NULL,'2022-05-18 15:00:00','2022-05-18 17:00:00',2.00,2,2,'3',NULL),('7b30a1f5-a226-c2a5-fc5a-62b17b26db99','Taller de creación de comics | 23/05/2022 17:00h','2022-06-21 08:06:19','2022-06-21 08:06:19','9','9',NULL,0,'9',NULL,'2022-05-23 15:00:00','2022-05-23 17:00:00',2.00,2,0,'1',NULL),('7ea2b6a3-9bb1-c510-d025-62b17b36dcd3','Taller de creación de comics | 25/05/2022 17:00h','2022-06-21 08:06:19','2022-06-21 08:06:19','9','9',NULL,0,'9',NULL,'2022-05-25 15:00:00','2022-05-25 17:00:00',2.00,2,2,'3',NULL),('809fdc9d-7d41-9f40-a9e6-63106cbb0ae6','Sesiones grupales de arteterapia | 08/08/2022 09:00h','2022-09-01 08:26:19','2022-09-01 08:26:19','9','9',NULL,0,'9',NULL,'2022-08-08 07:00:00','2022-08-08 08:00:00',1.00,3,0,'1',NULL),('8196d192-6fc7-4b0a-72e7-62b17b60bd67','Taller de creación de comics | 30/05/2022 17:00h','2022-06-21 08:06:19','2022-06-21 08:06:19','9','9',NULL,0,'9',NULL,'2022-05-30 15:00:00','2022-05-30 17:00:00',2.00,2,2,'1',NULL),('84af0427-f1e1-ba59-4eeb-62b17b0880ee','Taller de creación de comics | 01/06/2022 17:00h','2022-06-21 08:06:19','2022-06-21 08:06:19','9','9',NULL,0,'9',NULL,'2022-06-01 15:00:00','2022-06-01 17:00:00',2.00,2,2,'3',NULL),('87db68e7-3c49-da3e-a450-62b17bc5ff48','Taller de creación de comics | 06/06/2022 17:00h','2022-06-21 08:06:19','2022-06-21 08:06:19','9','9',NULL,0,'9',NULL,'2022-06-06 15:00:00','2022-06-06 17:00:00',2.00,2,2,'1',NULL),('89834c6e-475d-dd56-e561-62b186f90340','Formación online para mediadores vecinales | 01/06/2022 11:00h','2022-06-21 08:52:23','2022-06-21 08:52:23','9','9',NULL,0,'9',NULL,'2022-06-01 09:00:00','2022-06-01 10:30:00',1.50,2,2,'3',NULL),('8aa4288d-6fea-9d1a-b58f-62b17bc90faa','Taller de creación de comics | 08/06/2022 17:00h','2022-06-21 08:06:19','2022-06-21 08:06:19','9','9',NULL,0,'9',NULL,'2022-06-08 15:00:00','2022-06-08 17:00:00',2.00,2,2,'3',NULL),('8d83d95a-3fc1-bf8c-bcee-62b17b8a38b2','Taller de creación de comics | 13/06/2022 17:00h','2022-06-21 08:06:19','2022-06-21 08:06:19','9','9',NULL,0,'9',NULL,'2022-06-13 15:00:00','2022-06-13 17:00:00',2.00,2,2,'1',NULL),('8d89183c-58c8-4aa0-2e0f-63106cc1aa5f','Sesiones grupales de arteterapia | 10/08/2022 09:00h','2022-09-01 08:26:19','2022-09-01 08:26:19','9','9',NULL,0,'9',NULL,'2022-08-10 07:00:00','2022-08-10 08:00:00',1.00,3,0,'3',NULL),('903f79a2-55a2-5dd9-488f-62b17b26d68f','Taller de creación de comics | 15/06/2022 17:00h','2022-06-21 08:06:19','2022-06-21 08:06:19','9','9',NULL,0,'9',NULL,'2022-06-15 15:00:00','2022-06-15 17:00:00',2.00,2,2,'3',NULL),('9124d95e-2f55-8c77-8cdf-63106ca87e80','Sesiones grupales de arteterapia | 12/08/2022 09:00h','2022-09-01 08:26:19','2022-09-01 08:26:19','9','9',NULL,0,'9',NULL,'2022-08-12 07:00:00','2022-08-12 08:00:00',1.00,3,0,'5',NULL),('93b53722-f198-5c73-a9bc-62b17bc128ba','Taller de creación de comics | 20/06/2022 17:00h','2022-06-21 08:06:19','2022-06-21 08:06:19','9','9',NULL,0,'9',NULL,'2022-06-20 15:00:00','2022-06-20 17:00:00',2.00,2,1,'1',NULL),('94044d1a-d8f9-b07d-8c06-63106c9597c7','Sesiones grupales de arteterapia | 14/08/2022 09:00h','2022-09-01 08:26:19','2022-09-01 08:26:19','9','9',NULL,0,'9',NULL,'2022-08-14 07:00:00','2022-08-14 08:00:00',1.00,3,0,'0',NULL),('968710bc-d104-cea9-f308-62b17b75b637','Taller de creación de comics | 22/06/2022 17:00h','2022-06-21 08:06:19','2022-06-21 08:06:19','9','9',NULL,0,'9',NULL,'2022-06-22 15:00:00','2022-06-22 17:00:00',2.00,0,0,'3',NULL),('97fcfaa6-c6b6-c76a-f88a-63106c424d0e','Sesiones grupales de arteterapia | 16/08/2022 09:00h','2022-09-01 08:26:19','2022-09-01 08:26:19','9','9',NULL,0,'9',NULL,'2022-08-16 07:00:00','2022-08-16 08:00:00',1.00,3,0,'2',NULL),('98596476-ed6d-e2d0-275d-62b1868879e2','Formación online para mediadores vecinales | 03/06/2022 11:00h','2022-06-21 08:52:23','2022-06-21 08:52:23','9','9',NULL,0,'9',NULL,'2022-06-03 09:00:00','2022-06-03 10:30:00',1.50,2,2,'5',NULL),('98e618a0-8222-6305-e930-62b17b1f43e1','Taller de creación de comics | 27/06/2022 17:00h','2022-06-21 08:06:19','2022-06-21 08:06:19','9','9',NULL,0,'9',NULL,'2022-06-27 15:00:00','2022-06-27 17:00:00',2.00,0,0,'1',NULL),('9ae1a520-6352-7c51-abf8-63106c858483','Sesiones grupales de arteterapia | 18/08/2022 09:00h','2022-09-01 08:26:19','2022-09-01 08:26:19','9','9',NULL,0,'9',NULL,'2022-08-18 07:00:00','2022-08-18 08:00:00',1.00,3,0,'4',NULL),('9b312052-3238-af02-313b-62b17b480bcd','Taller de creación de comics | 29/06/2022 17:00h','2022-06-21 08:06:19','2022-06-21 08:06:19','9','9',NULL,0,'9',NULL,'2022-06-29 15:00:00','2022-06-29 17:00:00',2.00,0,0,'3',NULL),('9d275f6d-b9be-cb65-2390-63106c3c4f9c','Sesiones grupales de arteterapia | 20/08/2022 09:00h','2022-09-01 08:26:19','2022-09-01 08:26:19','9','9',NULL,0,'9',NULL,'2022-08-20 07:00:00','2022-08-20 08:00:00',1.00,3,0,'6',NULL),('9d787004-420e-a8b9-469d-62b17bf55924','Taller de creación de comics | 04/07/2022 17:00h','2022-06-21 08:06:19','2022-06-21 08:06:19','9','9',NULL,0,'9',NULL,'2022-07-04 15:00:00','2022-07-04 17:00:00',2.00,0,0,'1',NULL),('a0150544-789d-f9a3-45e5-62b17b9e35d6','Taller de creación de comics | 06/07/2022 17:00h','2022-06-21 08:06:19','2022-06-21 08:06:19','9','9',NULL,0,'9',NULL,'2022-07-06 15:00:00','2022-07-06 17:00:00',2.00,0,0,'3',NULL),('a1307a41-f74e-59f9-cc0a-63106c182050','Sesiones grupales de arteterapia | 22/08/2022 09:00h','2022-09-01 08:26:19','2022-09-01 08:26:19','9','9',NULL,0,'9',NULL,'2022-08-22 07:00:00','2022-08-22 08:00:00',1.00,3,0,'1',NULL),('a272c2d0-3efe-9949-de17-62b17b31e4c1','Taller de creación de comics | 11/07/2022 17:00h','2022-06-21 08:06:19','2022-06-21 08:06:19','9','9',NULL,0,'9',NULL,'2022-07-11 15:00:00','2022-07-11 17:00:00',2.00,0,0,'1',NULL),('a48f619e-8ea5-4f8f-076a-63106ca3af4f','Sesiones grupales de arteterapia | 24/08/2022 09:00h','2022-09-01 08:26:19','2022-09-01 08:26:19','9','9',NULL,0,'9',NULL,'2022-08-24 07:00:00','2022-08-24 08:00:00',1.00,3,0,'3',NULL),('a55af390-bbad-c77e-9660-62b17b0dea3d','Taller de creación de comics | 13/07/2022 17:00h','2022-06-21 08:06:19','2022-06-21 08:06:19','9','9',NULL,0,'9',NULL,'2022-07-13 15:00:00','2022-07-13 17:00:00',2.00,0,0,'3',NULL),('a78a9e8a-7a10-cf67-54a9-63106cc16bde','Sesiones grupales de arteterapia | 26/08/2022 09:00h','2022-09-01 08:26:19','2022-09-01 08:26:19','9','9',NULL,0,'9',NULL,'2022-08-26 07:00:00','2022-08-26 08:00:00',1.00,3,0,'5',NULL),('a877d75a-054f-fa44-55c0-62b17b9e4a88','Taller de creación de comics | 18/07/2022 17:00h','2022-06-21 08:06:19','2022-06-21 08:06:19','9','9',NULL,0,'9',NULL,'2022-07-18 15:00:00','2022-07-18 17:00:00',2.00,0,0,'1',NULL),('a9ebbf48-78fc-76bb-f6c4-63106c49036f','Sesiones grupales de arteterapia | 28/08/2022 09:00h','2022-09-01 08:26:19','2022-09-01 08:26:19','9','9',NULL,0,'9',NULL,'2022-08-28 07:00:00','2022-08-28 08:00:00',1.00,3,0,'0',NULL),('ab2e0791-b5b0-ee70-9558-62b17b6bb9b0','Taller de creación de comics | 20/07/2022 17:00h','2022-06-21 08:06:19','2022-06-21 08:06:19','9','9',NULL,0,'9',NULL,'2022-07-20 15:00:00','2022-07-20 17:00:00',2.00,0,0,'3',NULL),('aceec211-1fc1-dee6-c5e2-63106c0dd4e2','Sesiones grupales de arteterapia | 30/08/2022 09:00h','2022-09-01 08:26:19','2022-09-01 08:26:19','9','9',NULL,0,'9',NULL,'2022-08-30 07:00:00','2022-08-30 08:00:00',1.00,3,0,'2',NULL),('adbc6be6-6d5f-eedb-d53d-62b17b7ddfd4','Taller de creación de comics | 25/07/2022 17:00h','2022-06-21 08:06:19','2022-06-21 08:06:19','9','9',NULL,0,'9',NULL,'2022-07-25 15:00:00','2022-07-25 17:00:00',2.00,0,0,'1',NULL),('af2d86a5-5e0f-caf1-4c83-63106cb9ef5f','Sesiones grupales de arteterapia | 01/09/2022 09:00h','2022-09-01 08:26:19','2022-09-01 08:26:19','9','9',NULL,0,'9',NULL,'2022-09-01 07:00:00','2022-09-01 08:00:00',1.00,3,0,'4',NULL),('afa2354f-394a-bafc-d1f9-62b186a6d465','Formación online para mediadores vecinales | 06/06/2022 11:00h','2022-06-21 08:52:23','2022-06-21 08:52:23','9','9',NULL,0,'9',NULL,'2022-06-06 09:00:00','2022-06-06 10:30:00',1.50,2,1,'1',NULL),('b132adec-149a-61db-3e52-62b17b29ece7','Taller de creación de comics | 27/07/2022 17:00h','2022-06-21 08:06:19','2022-06-21 08:06:19','9','9',NULL,0,'9',NULL,'2022-07-27 15:00:00','2022-07-27 17:00:00',2.00,0,0,'3',NULL),('b21785be-626b-35eb-6ec8-63106cfe2e14','Sesiones grupales de arteterapia | 03/09/2022 09:00h','2022-09-01 08:26:19','2022-09-01 08:26:19','9','9',NULL,0,'9',NULL,'2022-09-03 07:00:00','2022-09-03 08:00:00',1.00,3,0,'6',NULL),('b3dd8fd9-80f0-c3c1-a25a-63106c36230e','Sesiones grupales de arteterapia | 05/09/2022 09:00h','2022-09-01 08:26:19','2022-09-01 08:26:19','9','9',NULL,0,'9',NULL,'2022-09-05 07:00:00','2022-09-05 08:00:00',1.00,3,0,'1',NULL),('b634e637-4fb4-9706-ceab-63106c1ae8a4','Sesiones grupales de arteterapia | 07/09/2022 09:00h','2022-09-01 08:26:19','2022-09-01 08:26:19','9','9',NULL,0,'9',NULL,'2022-09-07 07:00:00','2022-09-07 08:00:00',1.00,3,0,'3',NULL),('caaac9d7-447a-a4fc-19d8-62b186eeca13','Formación online para mediadores vecinales | 08/06/2022 11:00h','2022-06-21 08:52:23','2022-06-21 08:52:23','9','9',NULL,0,'9',NULL,'2022-06-08 09:00:00','2022-06-08 10:30:00',1.50,2,1,'3',NULL),('cd008b97-2166-46fc-432b-62b186503cfc','Formación online para mediadores vecinales | 10/06/2022 11:00h','2022-06-21 08:52:23','2022-06-21 08:52:23','9','9',NULL,0,'9',NULL,'2022-06-10 09:00:00','2022-06-10 10:30:00',1.50,2,2,'5',NULL),('d00620d3-54cc-c0e0-03ce-62b186050c1a','Formación online para mediadores vecinales | 13/06/2022 11:00h','2022-06-21 08:52:23','2022-06-21 08:52:23','9','9',NULL,0,'9',NULL,'2022-06-13 09:00:00','2022-06-13 10:30:00',1.50,2,1,'1',NULL),('d2b818da-0c18-cb58-42df-62b1867e535c','Formación online para mediadores vecinales | 15/06/2022 11:00h','2022-06-21 08:52:23','2022-06-21 08:52:23','9','9',NULL,0,'9',NULL,'2022-06-15 09:00:00','2022-06-15 10:30:00',1.50,2,1,'3',NULL),('d4ecb3ea-f4d3-4424-29c0-62b1868c334c','Formación online para mediadores vecinales | 17/06/2022 11:00h','2022-06-21 08:52:23','2022-06-21 08:52:23','9','9',NULL,0,'9',NULL,'2022-06-17 09:00:00','2022-06-17 10:30:00',1.50,2,2,'5',NULL),('d71075a9-5af1-b3af-3903-62b186f8484f','Formación online para mediadores vecinales | 20/06/2022 11:00h','2022-06-21 08:52:23','2022-06-21 08:52:23','9','9',NULL,0,'9',NULL,'2022-06-20 09:00:00','2022-06-20 10:30:00',1.50,2,1,'1',NULL),('d9595c5a-6e5c-49c8-c57e-62b1864a615c','Formación online para mediadores vecinales | 22/06/2022 11:00h','2022-06-21 08:52:23','2022-06-21 08:52:23','9','9',NULL,0,'9',NULL,'2022-06-22 09:00:00','2022-06-22 10:30:00',1.50,0,0,'3',NULL),('dbd277aa-5e77-5f9d-1cd5-62b1865fbb2d','Formación online para mediadores vecinales | 24/06/2022 11:00h','2022-06-21 08:52:23','2022-06-21 08:52:23','9','9',NULL,0,'9',NULL,'2022-06-24 09:00:00','2022-06-24 10:30:00',1.50,0,0,'5',NULL),('de7527be-cf84-c188-cb2a-62b1863836ea','Formación online para mediadores vecinales | 27/06/2022 11:00h','2022-06-21 08:52:23','2022-06-21 08:52:23','9','9',NULL,0,'9',NULL,'2022-06-27 09:00:00','2022-06-27 10:30:00',1.50,0,0,'1',NULL),('e0ffe353-02f5-ea97-4463-62b186ab6415','Formación online para mediadores vecinales | 29/06/2022 11:00h','2022-06-21 08:52:23','2022-06-21 08:52:23','9','9',NULL,0,'9',NULL,'2022-06-29 09:00:00','2022-06-29 10:30:00',1.50,0,0,'3',NULL);
REPLACE INTO `stic_sessions_stic_events_c` (`id`, `date_modified`, `deleted`, `stic_sessions_stic_eventsstic_events_ida`, `stic_sessions_stic_eventsstic_sessions_idb`) VALUES ('4477e69e-a1f0-a4ed-bb3b-62b17b5c0c56','2022-06-21 08:06:19',0,'4531e06e-a561-48c0-966f-62b17b639f78','41b014f5-1bcb-74b7-881f-62b17b575f93'),('5205e7d8-0065-e9c7-f410-62b17bd6bc97','2022-06-21 08:06:19',0,'4531e06e-a561-48c0-966f-62b17b639f78','51d1ae6f-8f38-2ac8-df93-62b17bbada05'),('563d9e00-29ea-3567-a78b-62b17bc0a59e','2022-06-21 08:06:19',0,'4531e06e-a561-48c0-966f-62b17b639f78','55f95fa9-42b8-9e67-11f1-62b17becaefa'),('58dbe78a-b9e3-07c1-176b-62b17b08985b','2022-06-21 08:06:19',0,'4531e06e-a561-48c0-966f-62b17b639f78','58a0a789-7612-51e0-67c5-62b17b6a61cf'),('5b776f34-97a3-bb1f-c240-62b17b57f6a1','2022-06-21 08:06:19',0,'4531e06e-a561-48c0-966f-62b17b639f78','5b4dee7f-f028-73e1-a286-62b17bf90790'),('5e43c18e-fff6-8185-fdcf-62b17b220a69','2022-06-21 08:06:19',0,'4531e06e-a561-48c0-966f-62b17b639f78','5e1b6962-d327-ab62-3825-62b17bfdd97b'),('60ea9d6d-de79-3fbb-5ac4-62b17b88a205','2022-06-21 08:06:19',0,'4531e06e-a561-48c0-966f-62b17b639f78','60a94007-7541-b7e7-b31b-62b17bf544d0'),('63f7ca01-d19e-5c5b-581b-62b17b048453','2022-06-21 08:06:19',0,'4531e06e-a561-48c0-966f-62b17b639f78','63b4bdba-44df-98a9-10d4-62b17b940520'),('67227c44-1948-99a4-ad22-62b17ba222b6','2022-06-21 08:06:19',0,'4531e06e-a561-48c0-966f-62b17b639f78','66da8ba8-398f-aac1-abb8-62b17b01e2b0'),('6a893654-b7ca-4320-cf0d-62b17b4680d6','2022-06-21 08:06:19',0,'4531e06e-a561-48c0-966f-62b17b639f78','6a445f37-7839-e762-53b9-62b17bda06bf'),('6e12db06-9734-c1db-aafc-62b17ba32e39','2022-06-21 08:06:19',0,'4531e06e-a561-48c0-966f-62b17b639f78','6dcdca9c-6458-01ac-af19-62b17bc02adc'),('7166a6d9-f06b-1b59-342d-62b17bd9195f','2022-06-21 08:06:19',0,'4531e06e-a561-48c0-966f-62b17b639f78','712bc20c-bdd5-dd67-c878-62b17b1d483c'),('74708b85-d651-7481-abf1-62b17ba0272e','2022-06-21 08:06:19',0,'4531e06e-a561-48c0-966f-62b17b639f78','743244e7-6e1b-cf8e-ef3e-62b17b92272a'),('77a64562-244b-674d-bbce-62b17b620578','2022-06-21 08:06:19',0,'4531e06e-a561-48c0-966f-62b17b639f78','77664af3-bd90-51bd-5660-62b17b57e59e'),('7b7eebaa-38be-93e9-41ab-62b17b9a3427','2022-06-21 08:06:19',0,'4531e06e-a561-48c0-966f-62b17b639f78','7b30a1f5-a226-c2a5-fc5a-62b17b26db99'),('7edf5961-68f7-e5db-11a1-62b17b5a2943','2022-06-21 08:06:19',0,'4531e06e-a561-48c0-966f-62b17b639f78','7ea2b6a3-9bb1-c510-d025-62b17b36dcd3'),('81d147a2-0daf-9629-1420-62b17b14dff3','2022-06-21 08:06:19',0,'4531e06e-a561-48c0-966f-62b17b639f78','8196d192-6fc7-4b0a-72e7-62b17b60bd67'),('823a2c9d-87ca-6aed-2ff2-63106c90d62c','2022-09-01 08:26:19',0,'e4f5cb04-41e8-3c9c-cf16-63106c674435','809fdc9d-7d41-9f40-a9e6-63106cbb0ae6'),('84f25e93-c1b3-7110-7c0d-62b17b52fe95','2022-06-21 08:06:19',0,'4531e06e-a561-48c0-966f-62b17b639f78','84af0427-f1e1-ba59-4eeb-62b17b0880ee'),('88136240-7072-d459-12f3-62b17b79b3eb','2022-06-21 08:06:19',0,'4531e06e-a561-48c0-966f-62b17b639f78','87db68e7-3c49-da3e-a450-62b17bc5ff48'),('8addc33b-ed89-4208-cac1-62b17b20f2a4','2022-06-21 08:06:19',0,'4531e06e-a561-48c0-966f-62b17b639f78','8aa4288d-6fea-9d1a-b58f-62b17bc90faa'),('8b306ee7-dbc3-f51e-ba33-62b186d50e22','2022-06-21 08:52:23',0,'80723781-cee6-061a-5156-62b1863411a4','89834c6e-475d-dd56-e561-62b186f90340'),('8dbea11c-708c-3800-7885-62b17b34fb0f','2022-06-21 08:06:19',0,'4531e06e-a561-48c0-966f-62b17b639f78','8d83d95a-3fc1-bf8c-bcee-62b17b8a38b2'),('8dde6cfa-d50f-15c6-aaa2-63106c20213a','2022-09-01 08:26:19',0,'e4f5cb04-41e8-3c9c-cf16-63106c674435','8d89183c-58c8-4aa0-2e0f-63106cc1aa5f'),('9077c24b-d5ad-d2d3-6840-62b17bfd48f2','2022-06-21 08:06:19',0,'4531e06e-a561-48c0-966f-62b17b639f78','903f79a2-55a2-5dd9-488f-62b17b26d68f'),('91871d0c-5efb-6a0e-838e-63106cb74628','2022-09-01 08:26:19',0,'e4f5cb04-41e8-3c9c-cf16-63106c674435','9124d95e-2f55-8c77-8cdf-63106ca87e80'),('93ef5afe-03f1-b7a9-9daa-62b17bb2257a','2022-06-21 08:06:19',0,'4531e06e-a561-48c0-966f-62b17b639f78','93b53722-f198-5c73-a9bc-62b17bc128ba'),('94439fb1-bb72-8437-4fa6-63106c38b635','2022-09-01 08:26:19',0,'e4f5cb04-41e8-3c9c-cf16-63106c674435','94044d1a-d8f9-b07d-8c06-63106c9597c7'),('96c26578-6c59-2b6d-61ef-62b17bc3eaf4','2022-06-21 08:06:19',0,'4531e06e-a561-48c0-966f-62b17b639f78','968710bc-d104-cea9-f308-62b17b75b637'),('984d6227-5ea3-9cee-a7ff-63106cfdfee0','2022-09-01 08:26:19',0,'e4f5cb04-41e8-3c9c-cf16-63106c674435','97fcfaa6-c6b6-c76a-f88a-63106c424d0e'),('988dc41d-1254-1360-435b-62b186ca3bc6','2022-06-21 08:52:23',0,'80723781-cee6-061a-5156-62b1863411a4','98596476-ed6d-e2d0-275d-62b1868879e2'),('991c7fdc-ff00-47ff-5d18-62b17bcb4b33','2022-06-21 08:06:19',0,'4531e06e-a561-48c0-966f-62b17b639f78','98e618a0-8222-6305-e930-62b17b1f43e1'),('9b15a1ad-9f1d-7a07-1236-63106cf030fa','2022-09-01 08:26:19',0,'e4f5cb04-41e8-3c9c-cf16-63106c674435','9ae1a520-6352-7c51-abf8-63106c858483'),('9b6caace-6f48-b31c-ffb1-62b17bf59a25','2022-06-21 08:06:19',0,'4531e06e-a561-48c0-966f-62b17b639f78','9b312052-3238-af02-313b-62b17b480bcd'),('9d603fd7-7324-b434-9510-63106c0a44c8','2022-09-01 08:26:19',0,'e4f5cb04-41e8-3c9c-cf16-63106c674435','9d275f6d-b9be-cb65-2390-63106c3c4f9c'),('9dbb2e26-95c8-511a-66ce-62b17b91c45e','2022-06-21 08:06:19',0,'4531e06e-a561-48c0-966f-62b17b639f78','9d787004-420e-a8b9-469d-62b17bf55924'),('a0562652-9539-9082-01c0-62b17b95fe36','2022-06-21 08:06:19',0,'4531e06e-a561-48c0-966f-62b17b639f78','a0150544-789d-f9a3-45e5-62b17b9e35d6'),('a17f54e4-9616-141f-abb0-63106c477d07','2022-09-01 08:26:19',0,'e4f5cb04-41e8-3c9c-cf16-63106c674435','a1307a41-f74e-59f9-cc0a-63106c182050'),('a2acaf3a-d66b-1db5-9499-62b17b92b9ca','2022-06-21 08:06:19',0,'4531e06e-a561-48c0-966f-62b17b639f78','a272c2d0-3efe-9949-de17-62b17b31e4c1'),('a4dbf23a-f681-59ed-0ca8-63106c1283c6','2022-09-01 08:26:19',0,'e4f5cb04-41e8-3c9c-cf16-63106c674435','a48f619e-8ea5-4f8f-076a-63106ca3af4f'),('a595aabb-69ea-3717-d4b7-62b17b38e3c7','2022-06-21 08:06:19',0,'4531e06e-a561-48c0-966f-62b17b639f78','a55af390-bbad-c77e-9660-62b17b0dea3d'),('a7c2e13c-65dc-5a9d-70e5-63106c2eab07','2022-09-01 08:26:19',0,'e4f5cb04-41e8-3c9c-cf16-63106c674435','a78a9e8a-7a10-cf67-54a9-63106cc16bde'),('a8bc4778-c8ff-15a9-dc24-62b17b81ce3e','2022-06-21 08:06:19',0,'4531e06e-a561-48c0-966f-62b17b639f78','a877d75a-054f-fa44-55c0-62b17b9e4a88'),('aa31d64b-1a20-07ac-862f-63106c224969','2022-09-01 08:26:19',0,'e4f5cb04-41e8-3c9c-cf16-63106c674435','a9ebbf48-78fc-76bb-f6c4-63106c49036f'),('ab64201d-9b64-6cb4-abb4-62b17b1cbe2a','2022-06-21 08:06:19',0,'4531e06e-a561-48c0-966f-62b17b639f78','ab2e0791-b5b0-ee70-9558-62b17b6bb9b0'),('ad1e5795-12a4-f993-1cdd-63106c6b818f','2022-09-01 08:26:19',0,'e4f5cb04-41e8-3c9c-cf16-63106c674435','aceec211-1fc1-dee6-c5e2-63106c0dd4e2'),('adfd24d5-25ed-fd2b-c991-62b17b718a46','2022-06-21 08:06:19',0,'4531e06e-a561-48c0-966f-62b17b639f78','adbc6be6-6d5f-eedb-d53d-62b17b7ddfd4'),('af7895aa-255e-815a-4a0a-63106cffa44c','2022-09-01 08:26:19',0,'e4f5cb04-41e8-3c9c-cf16-63106c674435','af2d86a5-5e0f-caf1-4c83-63106cb9ef5f'),('afe7f968-e53c-a93f-3efc-62b186e2f687','2022-06-21 08:52:23',0,'80723781-cee6-061a-5156-62b1863411a4','afa2354f-394a-bafc-d1f9-62b186a6d465'),('b191c14f-ab1f-23ee-b311-62b17b48e1c6','2022-06-21 08:06:19',0,'4531e06e-a561-48c0-966f-62b17b639f78','b132adec-149a-61db-3e52-62b17b29ece7'),('b2460052-ce6e-ba49-d011-63106ce99e3f','2022-09-01 08:26:19',0,'e4f5cb04-41e8-3c9c-cf16-63106c674435','b21785be-626b-35eb-6ec8-63106cfe2e14'),('b41970d3-785c-e434-f4e0-63106cf9e3d6','2022-09-01 08:26:19',0,'e4f5cb04-41e8-3c9c-cf16-63106c674435','b3dd8fd9-80f0-c3c1-a25a-63106c36230e'),('b66f4b2f-dd29-a207-0bbd-63106c4bb790','2022-09-01 08:26:19',0,'e4f5cb04-41e8-3c9c-cf16-63106c674435','b634e637-4fb4-9706-ceab-63106c1ae8a4'),('cae00230-a261-e68c-d3d5-62b186a944b8','2022-06-21 08:52:23',0,'80723781-cee6-061a-5156-62b1863411a4','caaac9d7-447a-a4fc-19d8-62b186eeca13'),('cd337a5c-8bd8-84f7-e47a-62b186a88efa','2022-06-21 08:52:23',0,'80723781-cee6-061a-5156-62b1863411a4','cd008b97-2166-46fc-432b-62b186503cfc'),('d0360f5e-0d06-17e0-2df2-62b1864478f6','2022-06-21 08:52:23',0,'80723781-cee6-061a-5156-62b1863411a4','d00620d3-54cc-c0e0-03ce-62b186050c1a'),('d2f3c00b-bd03-d209-2088-62b186aa0bd9','2022-06-21 08:52:23',0,'80723781-cee6-061a-5156-62b1863411a4','d2b818da-0c18-cb58-42df-62b1867e535c'),('d51ce0f9-2c6b-a4e7-99ee-62b186e13d29','2022-06-21 08:52:23',0,'80723781-cee6-061a-5156-62b1863411a4','d4ecb3ea-f4d3-4424-29c0-62b1868c334c'),('d742337c-2ef6-aff3-ed9b-62b186f9942a','2022-06-21 08:52:23',0,'80723781-cee6-061a-5156-62b1863411a4','d71075a9-5af1-b3af-3903-62b186f8484f'),('d9997415-a8b6-cf1d-8190-62b186ba0dd8','2022-06-21 08:52:23',0,'80723781-cee6-061a-5156-62b1863411a4','d9595c5a-6e5c-49c8-c57e-62b1864a615c'),('dc1f3b34-274b-9826-7134-62b186a82031','2022-06-21 08:52:23',0,'80723781-cee6-061a-5156-62b1863411a4','dbd277aa-5e77-5f9d-1cd5-62b1865fbb2d'),('deb520cf-749b-8533-02c1-62b186fd4c43','2022-06-21 08:52:23',0,'80723781-cee6-061a-5156-62b1863411a4','de7527be-cf84-c188-cb2a-62b1863836ea'),('e14cd7fd-deb8-e503-7edd-62b1864f1dc8','2022-06-21 08:52:23',0,'80723781-cee6-061a-5156-62b1863411a4','e0ffe353-02f5-ea97-4463-62b186ab6415');
REPLACE INTO `tasks` (`id`, `name`, `date_entered`, `date_modified`, `modified_user_id`, `created_by`, `description`, `deleted`, `assigned_user_id`, `status`, `date_due_flag`, `date_due`, `date_start_flag`, `date_start`, `parent_type`, `parent_id`, `contact_id`, `priority`) VALUES ('237cdfef-d061-5e43-4262-62a20cb2e771','Preparar informe de gestión','2022-06-09 15:06:50','2022-08-24 11:21:22','2','9',NULL,0,'9','Not Started',0,'2022-03-31 09:00:00',1,NULL,'Contacts','d92c4188-332c-4e3b-5bfd-629a16e9e934','','High'),('81a99901-769e-d44d-207f-62a20cc4a6ed','Informe intermedio presupuesto','2022-06-09 15:07:46','2022-08-24 11:21:07','2','9',NULL,0,'9','Pending Input',0,'2022-06-30 09:00:00',1,NULL,'Contacts','d92c4188-332c-4e3b-5bfd-629a16e9e934','','High'),('c5565fec-533f-9b51-730a-62a20b61735d','Preparación de lotes de libros para envío','2022-06-09 15:04:03','2022-06-09 15:04:57','9','9','Nos ceden gratuitamente cinco lotes de libros',0,'9','In Progress',1,NULL,0,'2022-06-07 09:00:00','Accounts','91f97776-4b84-8225-ec97-629a16bb2482','','High');
REPLACE INTO `users` (`id`, `user_name`, `user_hash`, `system_generated_password`, `pwd_last_changed`, `authenticate_id`, `sugar_login`, `first_name`, `last_name`, `is_admin`, `external_auth_only`, `receive_notifications`, `description`, `date_entered`, `date_modified`, `modified_user_id`, `created_by`, `title`, `photo`, `department`, `phone_home`, `phone_mobile`, `phone_work`, `phone_other`, `phone_fax`, `status`, `address_street`, `address_city`, `address_state`, `address_country`, `address_postalcode`, `deleted`, `portal_only`, `show_on_employees`, `employee_status`, `messenger_id`, `messenger_type`, `reports_to_id`, `is_group`, `factor_auth`, `factor_auth_interface`) VALUES ("9", "sintest", "$2y$10$b2sbPQ74K/uFNtwpDa5.kuKDGJikD3ZVebKdeAWnJ1BvZ.dSqvSte", 0, "2022-06-03 11:08:00", NULL, 1, NULL, "SinergiaCRM-TEST", 0, 0, 1, NULL, "2022-06-03 11:08:31", "2022-06-03 11:11:36", "9", "2", "SinergiaCRM-TEST", NULL, NULL, NULL, NULL, NULL, NULL, NULL, "Inactive", NULL, NULL, NULL, NULL, NULL, 0, 0, 1, "Active", NULL, NULL, "", 0, 0, NULL);
